Workbook
Name Slicer_Channel: #N/A
Name Slicer_Channel_via_Customer: #N/A
Name Slicer_Created_Month: #N/A
Name Slicer_Market: #N/A
Name Slicer_Market1: #N/A
Name Slicer_Market2: #N/A
Name Slicer_Transaction_Month: #N/A

Sheet Clean_Leads
A1: Lead_ID | B1: Created_Date | C1: Created_Month | D1: Market | E1: Channel | F1: Product | G1: Company_Size | H1: Sales_Rep_ID | I1: Rep_Valid | J1: Lead_Status | K1: Qualified_Flag | L1: Qualified_Date | M1: Opportunity_Date | N1: Won_Date | O1: Lost_Date | P1: Won_Duration_Valid | Q1: Expected_Monthly_Revenue_EUR
A2: LEAD00001 | B2: 45936 | C2: 45931 | D2: United Kingdom | E2: Telesales | F2: Fuel Card | G2: Enterprise | H2: REP004 | I2: =TRUE() -> TRUE | J2: Lost | K2: Yes | L2: 45941 | M2: 45944 | O2: 45967 | P2: =TRUE() -> TRUE | Q2: 10091.73
A3: LEAD00002 | B3: 45999 | C3: 45992 | D3: Czech Republic | E3: Partner | F3: Toll Solution | G3: SME | H3: REP012 | I3: =TRUE() -> TRUE | J3: Opportunity | K3: Yes | L3: 46005 | M3: 46020 | P3: =TRUE() -> TRUE | Q3: 702.99
A4: LEAD00003 | B4: 45960 | C4: 45931 | D4: Netherlands | E4: Telesales | F4: Fleet Expense Card | G4: Mid-Market | H4: REP008 | I4: =TRUE() -> TRUE | J4: Lost | K4: No | O4: 45963 | P4: =TRUE() -> TRUE | Q4: 2285.31
A5: LEAD00004 | B5: 45892 | C5: 45870 | D5: United Kingdom | E5: Partner | F5: Toll Solution | G5: Enterprise | H5: REP006 | I5: =TRUE() -> TRUE | J5: Lost | K5: Yes | L5: 45902 | M5: 45915 | O5: 45920 | P5: =TRUE() -> TRUE | Q5: 5065.21
A6: LEAD00005 | B6: 45946 | C6: 45931 | D6: Germany | E6: Direct Sales | F6: Fleet Expense Card | G6: SME | H6: REP001 | I6: =TRUE() -> TRUE | J6: Lost | K6: No | O6: 45963 | P6: =TRUE() -> TRUE | Q6: 669.1
A7: LEAD00006 | B7: 45748 | C7: 45748 | D7: United Kingdom | E7: Direct Sales | F7: Fuel Card | G7: SME | H7: REP004 | I7: =TRUE() -> TRUE | J7: Lost | K7: Yes | L7: 45752 | M7: 45753 | O7: 45765 | P7: =TRUE() -> TRUE | Q7: 784.3
A8: LEAD00007 | B8: 45849 | C8: 45839 | D8: United Kingdom | E8: Digital | F8: Toll Solution | G8: Enterprise | H8: REP005 | I8: =TRUE() -> TRUE | J8: Lost | K8: Yes | L8: 45850 | M8: 45858 | O8: 45872 | P8: =TRUE() -> TRUE | Q8: 5511.46
A9: LEAD00008 | B9: 45826 | C9: 45809 | D9: Germany | E9: Telesales | F9: Fuel Card | G9: Mid-Market | H9: REP001 | I9: =TRUE() -> TRUE | J9: Lost | K9: Yes | L9: 45829 | M9: 45837 | O9: 45856 | P9: =TRUE() -> TRUE | Q9: 2834.62
A10: LEAD00009 | B10: 45783 | C10: 45778 | D10: United Kingdom | E10: Telesales | F10: Toll Solution | G10: SME | H10: REP004 | I10: =TRUE() -> TRUE | J10: Lost | K10: No | O10: 45794 | P10: =TRUE() -> TRUE | Q10: 488.24
A11: LEAD00010 | B11: 46000 | C11: 45992 | D11: United Kingdom | E11: Referral | F11: Toll Solution | G11: Enterprise | H11: REP006 | I11: =TRUE() -> TRUE | J11: Won | K11: Yes | L11: 46004 | M11: 46007 | N11: 46023 | P11: =TRUE() -> TRUE | Q11: 6898.05
A12: LEAD00011 | B12: 45858 | C12: 45839 | D12: United Kingdom | E12: Digital | F12: Toll Solution | G12: SME | H12: REP006 | I12: =TRUE() -> TRUE | J12: Lost | K12: Yes | L12: 45868 | O12: 45893 | P12: =TRUE() -> TRUE | Q12: 696.21
A13: LEAD00012 | B13: 45807 | C13: 45778 | D13: Netherlands | E13: Referral | F13: Fuel Card | G13: SME | H13: REP009 | I13: =TRUE() -> TRUE | J13: Won | K13: Yes | L13: 45817 | M13: 45831 | N13: 45842 | P13: =TRUE() -> TRUE | Q13: 732.38
A14: LEAD00013 | B14: 46013 | C14: 45992 | D14: Netherlands | E14: Direct Sales | F14: Fuel Card | G14: Mid-Market | H14: REP008 | I14: =TRUE() -> TRUE | J14: Opportunity | K14: Yes | L14: 46016 | M14: 46028 | P14: =TRUE() -> TRUE | Q14: 3026.95
A15: LEAD00014 | B15: 46008 | C15: 45992 | D15: France | E15: Telesales | F15: Toll Solution | G15: Enterprise | H15: REP015 | I15: =TRUE() -> TRUE | J15: Qualified | K15: Yes | L15: 46016 | P15: =TRUE() -> TRUE | Q15: 4150.69
A16: LEAD00015 | B16: 45719 | C16: 45717 | D16: France | E16: Partner | F16: Toll Solution | G16: Mid-Market | H16: REP015 | I16: =TRUE() -> TRUE | J16: Won | K16: Yes | L16: 45722 | M16: 45731 | N16: 45759 | P16: =TRUE() -> TRUE | Q16: 1713.23
A17: LEAD00016 | B17: 45779 | C17: 45778 | D17: United Kingdom | E17: Direct Sales | F17: Fuel Card | G17: Mid-Market | H17: REP004 | I17: =TRUE() -> TRUE | J17: Won | K17: Yes | L17: 45783 | M17: 45791 | N17: 45821 | P17: =TRUE() -> TRUE | Q17: 2249.42
A18: LEAD00017 | B18: 45938 | C18: 45931 | D18: Netherlands | E18: Digital | F18: Fuel Card | G18: SME | H18: REP007 | I18: =TRUE() -> TRUE | J18: Lost | K18: No | O18: 45940 | P18: =TRUE() -> TRUE | Q18: 758
A19: LEAD00018 | B19: 45864 | C19: 45839 | D19: United Kingdom | E19: Telesales | F19: Fleet Expense Card | G19: SME | H19: REP005 | I19: =TRUE() -> TRUE | J19: Lost | K19: No | O19: 45874 | P19: =TRUE() -> TRUE | Q19: 606.03
A20: LEAD00019 | B20: 45843 | C20: 45839 | D20: United Kingdom | E20: Direct Sales | F20: EV Charge Card | G20: SME | H20: REP006 | I20: =TRUE() -> TRUE | J20: Lost | K20: Yes | L20: 45851 | M20: 45863 | O20: 45868 | P20: =TRUE() -> TRUE | Q20: 697.01
A21: LEAD00020 | B21: 45843 | C21: 45839 | D21: United Kingdom | E21: Partner | F21: Fuel Card | G21: SME | H21: REP005 | I21: =TRUE() -> TRUE | J21: Lost | K21: Yes | L21: 45849 | M21: 45861 | O21: 45876 | P21: =TRUE() -> TRUE | Q21: 1032.97
A22: LEAD00021 | B22: 46011 | C22: 45992 | D22: Germany | E22: Partner | F22: Fuel Card | G22: Enterprise | H22: REP002 | I22: =TRUE() -> TRUE | J22: New | K22: No | P22: =TRUE() -> TRUE | Q22: 8553.35
A23: LEAD00022 | B23: 45747 | C23: 45717 | D23: Germany | E23: Partner | F23: Fuel Card | G23: Mid-Market | H23: REP003 | I23: =TRUE() -> TRUE | J23: Lost | K23: No | O23: 45767 | P23: =TRUE() -> TRUE | Q23: 2924.3
A24: LEAD00023 | B24: 45691 | C24: 45689 | D24: United Kingdom | E24: Direct Sales | F24: EV Charge Card | G24: Mid-Market | H24: REP004 | I24: =TRUE() -> TRUE | J24: Lost | K24: Yes | L24: 45701 | M24: 45713 | O24: 45724 | P24: =TRUE() -> TRUE | Q24: 1869.87
A25: LEAD00024 | B25: 45694 | C25: 45689 | D25: Netherlands | E25: Digital | F25: Fuel Card | G25: SME | H25: REP009 | I25: =TRUE() -> TRUE | J25: Lost | K25: Yes | L25: 45699 | M25: 45703 | O25: 45736 | P25: =TRUE() -> TRUE | Q25: 902.15
A26: LEAD00025 | B26: 46022 | C26: 45992 | D26: United Kingdom | E26: Direct Sales | F26: EV Charge Card | G26: SME | H26: REP006 | I26: =TRUE() -> TRUE | J26: Won | K26: Yes | L26: 46025 | M26: 46027 | N26: 46043 | P26: =TRUE() -> TRUE | Q26: 670.98
A27: LEAD00026 | B27: 45876 | C27: 45870 | D27: France | E27: Digital | F27: Toll Solution | G27: SME | H27: REP015 | I27: =TRUE() -> TRUE | J27: Lost | K27: No | O27: 45889 | P27: =TRUE() -> TRUE | Q27: 668.86
A28: LEAD00027 | B28: 45667 | C28: 45658 | D28: United Kingdom | E28: Digital | F28: EV Charge Card | G28: Mid-Market | H28: REP004 | I28: =TRUE() -> TRUE | J28: Lost | K28: Yes | L28: 45670 | M28: 45671 | O28: 45677 | P28: =TRUE() -> TRUE | Q28: 1973.56
A29: LEAD00028 | B29: 46008 | C29: 45992 | D29: Netherlands | E29: Direct Sales | F29: Fuel Card | G29: Mid-Market | H29: REP008 | I29: =TRUE() -> TRUE | J29: Qualified | K29: Yes | L29: 46010 | P29: =TRUE() -> TRUE | Q29: 3492.52
A30: LEAD00029 | B30: 45963 | C30: 45962 | D30: United Kingdom | E30: Partner | F30: Toll Solution | G30: SME | H30: REP004 | I30: =TRUE() -> TRUE | J30: Lost | K30: Yes | L30: 45968 | M30: 45973 | O30: 45998 | P30: =TRUE() -> TRUE | Q30: 642.32
A31: LEAD00030 | B31: 45993 | C31: 45992 | D31: Czech Republic | E31: Digital | F31: Fuel Card | G31: SME | H31: REP011 | I31: =TRUE() -> TRUE | J31: Qualified | K31: Yes | L31: 46000 | P31: =TRUE() -> TRUE | Q31: 1099.29
A32: LEAD00031 | B32: 45929 | C32: 45901 | D32: Germany | E32: Partner | F32: Fuel Card | G32: SME | H32: REP001 | I32: =TRUE() -> TRUE | J32: Lost | K32: No | O32: 45948 | P32: =TRUE() -> TRUE | Q32: 911.88
A33: LEAD00032 | B33: 45999 | C33: 45992 | D33: Germany | E33: Digital | F33: Toll Solution | G33: Mid-Market | H33: REP002 | I33: =TRUE() -> TRUE | J33: Opportunity | K33: Yes | L33: 46009 | M33: 46023 | P33: =TRUE() -> TRUE | Q33: 1958.18
A34: LEAD00033 | B34: 45985 | C34: 45962 | D34: United Kingdom | E34: Direct Sales | F34: Fuel Card | G34: SME | H34: REP006 | I34: =TRUE() -> TRUE | J34: Won | K34: Yes | L34: 45995 | M34: 45996 | N34: 46004 | P34: =TRUE() -> TRUE | Q34: 725.29
A35: LEAD00034 | B35: 45882 | C35: 45870 | D35: Czech Republic | E35: Direct Sales | F35: Fuel Card | G35: Mid-Market | H35: REP011 | I35: =TRUE() -> TRUE | J35: Lost | K35: Yes | L35: 45884 | M35: 45898 | O35: 45933 | P35: =TRUE() -> TRUE | Q35: 2842.9
A36: LEAD00035 | B36: 45669 | C36: 45658 | D36: France | E36: Partner | F36: Fuel Card | G36: SME | H36: REP013 | I36: =TRUE() -> TRUE | J36: Won | K36: Yes | L36: 45674 | M36: 45681 | N36: 45700 | P36: =TRUE() -> TRUE | Q36: 1113.11
A37: LEAD00036 | B37: 45715 | C37: 45689 | D37: France | E37: Partner | F37: Fleet Expense Card | G37: SME | H37: REP013 | I37: =TRUE() -> TRUE | J37: Lost | K37: Yes | L37: 45720 | M37: 45734 | O37: 45741 | P37: =TRUE() -> TRUE | Q37: 613.5
A38: LEAD00037 | B38: 45992 | C38: 45992 | D38: France | E38: Direct Sales | F38: Toll Solution | G38: Mid-Market | H38: REP014 | I38: =TRUE() -> TRUE | J38: Opportunity | K38: Yes | L38: 45993 | M38: 46001 | P38: =TRUE() -> TRUE | Q38: 1617.27
A39: LEAD00038 | B39: 45702 | C39: 45689 | D39: Netherlands | E39: Referral | F39: Fuel Card | G39: Mid-Market | H39: REP009 | I39: =TRUE() -> TRUE | J39: Won | K39: Yes | L39: 45710 | M39: 45714 | N39: 45717 | P39: =TRUE() -> TRUE | Q39: 3476.46
A40: LEAD00039 | B40: 45888 | C40: 45870 | D40: Netherlands | E40: Partner | F40: Fuel Card | G40: SME | H40: REP009 | I40: =TRUE() -> TRUE | J40: Lost | K40: No | O40: 45891 | P40: =TRUE() -> TRUE | Q40: 618.24
A41: LEAD00040 | B41: 45705 | C41: 45689 | D41: Germany | E41: Partner | F41: Toll Solution | G41: Mid-Market | H41: REP002 | I41: =TRUE() -> TRUE | J41: Lost | K41: Yes | L41: 45706 | M41: 45720 | O41: 45729 | P41: =TRUE() -> TRUE | Q41: 1760.69
A42: LEAD00041 | B42: 45714 | C42: 45689 | D42: United Kingdom | E42: Referral | F42: EV Charge Card | G42: Enterprise | H42: REP006 | I42: =TRUE() -> TRUE | J42: Won | K42: Yes | L42: 45720 | M42: 45732 | N42: 45741 | P42: =TRUE() -> TRUE | Q42: 5529.48
A43: LEAD00042 | B43: 45964 | C43: 45962 | D43: Czech Republic | E43: Partner | F43: Fleet Expense Card | G43: SME | H43: REP012 | I43: =TRUE() -> TRUE | J43: Lost | K43: Yes | L43: 45970 | M43: 45971 | O43: 45990 | P43: =TRUE() -> TRUE | Q43: 900.45
A44: LEAD00043 | B44: 45705 | C44: 45689 | D44: Germany | E44: Digital | F44: Toll Solution | G44: SME | H44: REP001 | I44: =TRUE() -> TRUE | J44: Lost | K44: No | O44: 45709 | P44: =TRUE() -> TRUE | Q44: 507.65
A45: LEAD00044 | B45: 45886 | C45: 45870 | D45: Germany | E45: Partner | F45: Fuel Card | G45: SME | H45: REP002 | I45: =TRUE() -> TRUE | J45: Lost | K45: Yes | L45: 45896 | M45: 45905 | O45: 45935 | P45: =TRUE() -> TRUE | Q45: 784.45
A46: LEAD00045 | B46: 45665 | C46: 45658 | D46: United Kingdom | E46: Telesales | F46: Toll Solution | G46: SME | H46: REP004 | I46: =TRUE() -> TRUE | J46: Lost | K46: Yes | L46: 45671 | O46: 45678 | P46: =TRUE() -> TRUE | Q46: 423.81
A47: LEAD00046 | B47: 45914 | C47: 45901 | D47: United Kingdom | E47: Direct Sales | F47: Fuel Card | G47: SME | H47: REP004 | I47: =TRUE() -> TRUE | J47: Won | K47: Yes | L47: 45917 | M47: 45932 | N47: 45952 | P47: =TRUE() -> TRUE | Q47: 823.17
A48: LEAD00047 | B48: 45814 | C48: 45809 | D48: Germany | E48: Digital | F48: Fuel Card | G48: SME | H48: REP003 | I48: =TRUE() -> TRUE | J48: Lost | K48: Yes | L48: 45817 | O48: 45837 | P48: =TRUE() -> TRUE | Q48: 881.41
A49: LEAD00048 | B49: 45885 | C49: 45870 | D49: Germany | E49: Direct Sales | F49: Fuel Card | G49: SME | H49: REP003 | I49: =TRUE() -> TRUE | J49: Lost | K49: Yes | L49: 45891 | M49: 45902 | O49: 45913 | P49: =TRUE() -> TRUE | Q49: 589.09
A50: LEAD00049 | B50: 45886 | C50: 45870 | D50: Germany | E50: Referral | F50: Toll Solution | G50: SME | H50: REP002 | I50: =TRUE() -> TRUE | J50: Won | K50: Yes | L50: 45896 | M50: 45899 | N50: 45923 | P50: =TRUE() -> TRUE | Q50: 682.3
A51: LEAD00050 | B51: 45668 | C51: 45658 | D51: France | E51: Digital | F51: EV Charge Card | G51: SME | H51: REP015 | I51: =TRUE() -> TRUE | J51: Lost | K51: Yes | L51: 45669 | M51: 45672 | O51: 45706 | P51: =TRUE() -> TRUE | Q51: 631.31
A52: LEAD00051 | B52: 45732 | C52: 45717 | D52: Germany | E52: Digital | F52: EV Charge Card | G52: SME | H52: REP001 | I52: =TRUE() -> TRUE | J52: Lost | K52: No | O52: 45739 | P52: =TRUE() -> TRUE | Q52: 827.95
A53: LEAD00052 | B53: 46000 | C53: 45992 | D53: United Kingdom | E53: Digital | F53: Fuel Card | G53: SME | H53: REP006 | I53: =TRUE() -> TRUE | J53: New | K53: No | P53: =TRUE() -> TRUE | Q53: 599.71
A54: LEAD00053 | B54: 45955 | C54: 45931 | D54: Germany | E54: Digital | F54: EV Charge Card | G54: SME | H54: REP002 | I54: =TRUE() -> TRUE | J54: Lost | K54: Yes | L54: 45960 | M54: 45973 | O54: 46008 | P54: =TRUE() -> TRUE | Q54: 748.39
A55: LEAD00054 | B55: 45781 | C55: 45778 | D55: United Kingdom | E55: Digital | F55: Fuel Card | G55: SME | H55: REP006 | I55: =TRUE() -> TRUE | J55: Lost | K55: Yes | L55: 45789 | M55: 45799 | O55: 45816 | P55: =TRUE() -> TRUE | Q55: 1063.06
A56: LEAD00055 | B56: 45887 | C56: 45870 | D56: Germany | E56: Telesales | F56: Fuel Card | G56: Mid-Market | H56: REP002 | I56: =TRUE() -> TRUE | J56: Lost | K56: Yes | L56: 45888 | M56: 45898 | O56: 45910 | P56: =TRUE() -> TRUE | Q56: 2246.29
A57: LEAD00056 | B57: 45731 | C57: 45717 | D57: United Kingdom | E57: Direct Sales | F57: Fleet Expense Card | G57: Mid-Market | H57: REP006 | I57: =TRUE() -> TRUE | J57: Lost | K57: No | O57: 45745 | P57: =TRUE() -> TRUE | Q57: 2089.17
A58: LEAD00057 | B58: 45843 | C58: 45839 | D58: France | E58: Referral | F58: Fuel Card | G58: Mid-Market | H58: REP015 | I58: =TRUE() -> TRUE | J58: Lost | K58: Yes | L58: 45848 | M58: 45856 | O58: 45875 | P58: =TRUE() -> TRUE | Q58: 2375.59
A59: LEAD00058 | B59: 45715 | C59: 45689 | D59: United Kingdom | E59: Partner | F59: EV Charge Card | G59: SME | H59: REP006 | I59: =TRUE() -> TRUE | J59: Won | K59: Yes | L59: 45723 | M59: 45730 | N59: 45757 | P59: =TRUE() -> TRUE | Q59: 710.84
A60: LEAD00059 | B60: 45754 | C60: 45748 | D60: Germany | E60: Digital | F60: Fuel Card | G60: SME | H60: REP003 | I60: =TRUE() -> TRUE | J60: Lost | K60: No | O60: 45762 | P60: =TRUE() -> TRUE | Q60: 637.48
A61: LEAD00060 | B61: 45709 | C61: 45689 | D61: Germany | E61: Digital | F61: Toll Solution | G61: Mid-Market | H61: REP002 | I61: =TRUE() -> TRUE | J61: Lost | K61: No | O61: 45716 | P61: =TRUE() -> TRUE | Q61: 1597.04
A62: LEAD00061 | B62: 45687 | C62: 45658 | D62: United Kingdom | E62: Partner | F62: Fuel Card | G62: SME | H62: REP004 | I62: =TRUE() -> TRUE | J62: Lost | K62: Yes | L62: 45694 | M62: 45699 | O62: 45729 | P62: =TRUE() -> TRUE | Q62: 756.66
A63: LEAD00062 | B63: 45953 | C63: 45931 | D63: United Kingdom | E63: Partner | F63: EV Charge Card | G63: SME | H63: REP006 | I63: =TRUE() -> TRUE | J63: Lost | K63: Yes | L63: 45954 | M63: 45964 | O63: 45975 | P63: =TRUE() -> TRUE | Q63: 533.05
A64: LEAD00063 | B64: 45974 | C64: 45962 | D64: Germany | E64: Digital | F64: Toll Solution | G64: Mid-Market | H64: REP003 | I64: =TRUE() -> TRUE | J64: Lost | K64: Yes | L64: 45980 | M64: 45983 | O64: 46012 | P64: =TRUE() -> TRUE | Q64: 2073.1
A65: LEAD00064 | B65: 45992 | C65: 45992 | D65: United Kingdom | E65: Telesales | F65: EV Charge Card | G65: SME | H65: REP006 | I65: =TRUE() -> TRUE | J65: Won | K65: Yes | L65: 45997 | M65: 46010 | N65: 46021 | P65: =TRUE() -> TRUE | Q65: 565.82
A66: LEAD00065 | B66: 45724 | C66: 45717 | D66: Germany | E66: Telesales | F66: Fuel Card | G66: SME | H66: REP002 | I66: =TRUE() -> TRUE | J66: Lost | K66: No | O66: 45735 | P66: =TRUE() -> TRUE | Q66: 1009.09
A67: LEAD00066 | B67: 45799 | C67: 45778 | D67: France | E67: Direct Sales | F67: Fuel Card | G67: SME | H67: REP013 | I67: =TRUE() -> TRUE | J67: Lost | K67: Yes | L67: 45803 | O67: 45808 | P67: =TRUE() -> TRUE | Q67: 605.8
A68: LEAD00067 | B68: 45879 | C68: 45870 | D68: France | E68: Direct Sales | F68: Fuel Card | G68: SME | H68: REP014 | I68: =TRUE() -> TRUE | J68: Lost | K68: Yes | L68: 45882 | M68: 45889 | O68: 45911 | P68: =TRUE() -> TRUE | Q68: 712.15
A69: LEAD00068 | B69: 45901 | C69: 45901 | D69: Netherlands | E69: Telesales | F69: Fuel Card | G69: Enterprise | H69: REP008 | I69: =TRUE() -> TRUE | J69: Lost | K69: No | O69: 45907 | P69: =TRUE() -> TRUE | Q69: 6370.11
A70: LEAD00069 | B70: 45801 | C70: 45778 | D70: Germany | E70: Direct Sales | F70: Fuel Card | G70: SME | H70: REP002 | I70: =TRUE() -> TRUE | J70: Won | K70: Yes | L70: 45809 | M70: 45811 | N70: 45828 | P70: =TRUE() -> TRUE | Q70: 601.64
A71: LEAD00070 | B71: 45802 | C71: 45778 | D71: France | E71: Direct Sales | F71: Toll Solution | G71: SME | H71: REP014 | I71: =TRUE() -> TRUE | J71: Lost | K71: No | O71: 45809 | P71: =TRUE() -> TRUE | Q71: 539.51
A72: LEAD00071 | B72: 46019 | C72: 45992 | D72: Germany | E72: Referral | F72: Fleet Expense Card | G72: Enterprise | H72: REP001 | I72: =TRUE() -> TRUE | J72: Qualified | K72: Yes | L72: 46020 | P72: =TRUE() -> TRUE | Q72: 6508.29
A73: LEAD00072 | B73: 45727 | C73: 45717 | D73: United Kingdom | E73: Direct Sales | F73: Fleet Expense Card | G73: SME | H73: REP006 | I73: =TRUE() -> TRUE | J73: Won | K73: Yes | L73: 45734 | M73: 45742 | N73: 45769 | P73: =TRUE() -> TRUE | Q73: 594.28
A74: LEAD00073 | B74: 45977 | C74: 45962 | D74: United Kingdom | E74: Direct Sales | F74: Fuel Card | G74: SME | H74: REP004 | I74: =TRUE() -> TRUE | J74: Lost | K74: Yes | L74: 45987 | M74: 45995 | O74: 46007 | P74: =TRUE() -> TRUE | Q74: 731.84
A75: LEAD00074 | B75: 45953 | C75: 45931 | D75: Germany | E75: Digital | F75: EV Charge Card | G75: SME | H75: REP001 | I75: =TRUE() -> TRUE | J75: Won | K75: Yes | L75: 45961 | M75: 45963 | N75: 45989 | P75: =TRUE() -> TRUE | Q75: 755.27
A76: LEAD00075 | B76: 45776 | C76: 45748 | D76: France | E76: Partner | F76: Fuel Card | G76: Mid-Market | H76: REP015 | I76: =TRUE() -> TRUE | J76: Won | K76: Yes | L76: 45784 | M76: 45795 | N76: 45824 | P76: =TRUE() -> TRUE | Q76: 2303.13
A77: LEAD00076 | B77: 45694 | C77: 45689 | D77: Netherlands | E77: Partner | F77: Fleet Expense Card | G77: Mid-Market | H77: REP009 | I77: =TRUE() -> TRUE | J77: Lost | K77: Yes | L77: 45697 | O77: 45710 | P77: =TRUE() -> TRUE | Q77: 3178.98
A78: LEAD00077 | B78: 45728 | C78: 45717 | D78: Germany | E78: Referral | F78: EV Charge Card | G78: SME | H78: REP002 | I78: =TRUE() -> TRUE | J78: Lost | K78: Yes | L78: 45734 | M78: 45749 | O78: 45769 | P78: =TRUE() -> TRUE | Q78: 806.31
A79: LEAD00078 | B79: 46013 | C79: 45992 | D79: Germany | E79: Partner | F79: Fuel Card | G79: SME | H79: REP002 | I79: =TRUE() -> TRUE | J79: New | K79: No | P79: =TRUE() -> TRUE | Q79: 655.97
A80: LEAD00079 | B80: 45799 | C80: 45778 | D80: Czech Republic | E80: Referral | F80: Toll Solution | G80: Mid-Market | H80: REP010 | I80: =TRUE() -> TRUE | J80: Lost | K80: No | O80: 45810 | P80: =TRUE() -> TRUE | Q80: 2172.06
A81: LEAD00080 | B81: 45977 | C81: 45962 | D81: France | E81: Digital | F81: Fleet Expense Card | G81: SME | H81: REP015 | I81: =TRUE() -> TRUE | J81: Lost | K81: No | O81: 45992 | P81: =TRUE() -> TRUE | Q81: 836.33
A82: LEAD00081 | B82: 45836 | C82: 45809 | D82: Netherlands | E82: Partner | F82: EV Charge Card | G82: Mid-Market | H82: REP009 | I82: =TRUE() -> TRUE | J82: Won | K82: Yes | L82: 45843 | M82: 45855 | N82: 45879 | P82: =TRUE() -> TRUE | Q82: 2363.89
A83: LEAD00082 | B83: 45929 | C83: 45901 | D83: France | E83: Direct Sales | F83: Fuel Card | G83: SME | H83: REP015 | I83: =TRUE() -> TRUE | J83: Won | K83: Yes | L83: 45930 | M83: 45940 | N83: 45963 | P83: =TRUE() -> TRUE | Q83: 1129.44
A84: LEAD00083 | B84: 45970 | C84: 45962 | D84: Germany | E84: Digital | F84: Fuel Card | G84: Mid-Market | H84: REP003 | I84: =TRUE() -> TRUE | J84: Lost | K84: No | O84: 45974 | P84: =TRUE() -> TRUE | Q84: 2138.4
A85: LEAD00084 | B85: 45910 | C85: 45901 | D85: Germany | E85: Digital | F85: Fleet Expense Card | G85: Mid-Market | H85: REP001 | I85: =TRUE() -> TRUE | J85: Lost | K85: Yes | L85: 45918 | M85: 45922 | O85: 45938 | P85: =TRUE() -> TRUE | Q85: 2170.76
A86: LEAD00085 | B86: 45884 | C86: 45870 | D86: United Kingdom | E86: Digital | F86: Toll Solution | G86: Mid-Market | H86: REP005 | I86: =TRUE() -> TRUE | J86: Lost | K86: No | O86: 45895 | P86: =TRUE() -> TRUE | Q86: 1183.56
A87: LEAD00086 | B87: 45705 | C87: 45689 | D87: Germany | E87: Partner | F87: Fuel Card | G87: Enterprise | H87: REP003 | I87: =TRUE() -> TRUE | J87: Won | K87: Yes | L87: 45709 | M87: 45720 | N87: 45746 | P87: =TRUE() -> TRUE | Q87: 6878.5
A88: LEAD00087 | B88: 45685 | C88: 45658 | D88: Netherlands | E88: Digital | F88: Fleet Expense Card | G88: SME | H88: REP008 | I88: =TRUE() -> TRUE | J88: Lost | K88: No | O88: 45705 | P88: =TRUE() -> TRUE | Q88: 719.91
A89: LEAD00088 | B89: 45719 | C89: 45717 | D89: Germany | E89: Partner | F89: Fuel Card | G89: Mid-Market | H89: REP003 | I89: =TRUE() -> TRUE | J89: Won | K89: Yes | L89: 45727 | M89: 45731 | N89: 45740 | P89: =TRUE() -> TRUE | Q89: 2560.47
A90: LEAD00089 | B90: 45785 | C90: 45778 | D90: Netherlands | E90: Partner | F90: Fuel Card | G90: Enterprise | H90: REP008 | I90: =TRUE() -> TRUE | J90: Won | K90: Yes | L90: 45791 | M90: 45795 | N90: 45821 | P90: =TRUE() -> TRUE | Q90: 8785.69
A91: LEAD00090 | B91: 45969 | C91: 45962 | D91: France | E91: Direct Sales | F91: Fuel Card | G91: Mid-Market | H91: REP013 | I91: =TRUE() -> TRUE | J91: Won | K91: Yes | L91: 45971 | M91: 45981 | N91: 46000 | P91: =TRUE() -> TRUE | Q91: 2533.19
A92: LEAD00091 | B92: 45774 | C92: 45748 | D92: United Kingdom | E92: Direct Sales | F92: Toll Solution | G92: Mid-Market | H92: REP006 | I92: =TRUE() -> TRUE | J92: Lost | K92: Yes | L92: 45776 | M92: 45782 | O92: 45811 | P92: =TRUE() -> TRUE | Q92: 1526.09
A93: LEAD00092 | B93: 45709 | C93: 45689 | D93: Netherlands | E93: Direct Sales | F93: Fleet Expense Card | G93: SME | H93: REP008 | I93: =TRUE() -> TRUE | J93: Won | K93: Yes | L93: 45716 | M93: 45720 | N93: 45750 | P93: =TRUE() -> TRUE | Q93: 585.85
A94: LEAD00093 | B94: 45840 | C94: 45839 | D94: France | E94: Telesales | F94: EV Charge Card | G94: SME | H94: REP999 | I94: =FALSE() -> FALSE | J94: Lost | K94: Yes | L94: 45843 | M94: 45844 | O94: 45875 | P94: =TRUE() -> TRUE | Q94: 758.49
A95: LEAD00094 | B95: 45708 | C95: 45689 | D95: Germany | E95: Telesales | F95: Toll Solution | G95: Mid-Market | H95: REP001 | I95: =TRUE() -> TRUE | J95: Lost | K95: No | O95: 45724 | P95: =TRUE() -> TRUE | Q95: 2180.35
A96: LEAD00095 | B96: 45929 | C96: 45901 | D96: United Kingdom | E96: Referral | F96: Fuel Card | G96: Enterprise | H96: REP004 | I96: =TRUE() -> TRUE | J96: Lost | K96: Yes | L96: 45930 | M96: 45936 | O96: 45958 | P96: =TRUE() -> TRUE | Q96: 10544.29
A97: LEAD00096 | B97: 45922 | C97: 45901 | D97: France | E97: Partner | F97: Fleet Expense Card | G97: Mid-Market | H97: REP013 | I97: =TRUE() -> TRUE | J97: Lost | K97: Yes | L97: 45924 | M97: 45928 | O97: 45947 | P97: =TRUE() -> TRUE | Q97: 2747.99
A98: LEAD00097 | B98: 45724 | C98: 45717 | D98: France | E98: Partner | F98: Fuel Card | G98: Mid-Market | H98: REP015 | I98: =TRUE() -> TRUE | J98: Lost | K98: No | O98: 45741 | P98: =TRUE() -> TRUE | Q98: 3072.84
A99: LEAD00098 | B99: 45755 | C99: 45748 | D99: Germany | E99: Partner | F99: Toll Solution | G99: Enterprise | H99: REP003 | I99: =TRUE() -> TRUE | J99: Lost | K99: No | O99: 45759 | P99: =TRUE() -> TRUE | Q99: 6251.43
A100: LEAD00099 | B100: 45823 | C100: 45809 | D100: France | E100: Digital | F100: Fleet Expense Card | G100: Mid-Market | H100: REP013 | I100: =TRUE() -> TRUE | J100: Lost | K100: No | O100: 45830 | P100: =TRUE() -> TRUE | Q100: 2390.8
...

Sheet Clean_Customers
A1: Customer_ID | B1: Lead_ID | C1: Lead_Match_Valid | D1: Won_Date | E1: Activation_Date | F1: Activation_Duration_Valid | G1: Activated_Flag | H1: Market | I1: Product | J1: Channel | K1: Sales_Rep_ID | L1: Customer_Segment | M1: Customer_Status | N1: Customer_Status_Clean | O1: Churn_Date | P1: Expected_Monthly_Revenue_EUR | Q1: Days_To_Activation
A2: CUST00001 | B2: LEAD00010 | C2: =TRUE() -> TRUE | D2: 46023 | E2: 46065 | F2: =TRUE() -> TRUE | G2: =TRUE() -> TRUE | H2: United Kingdom | I2: Toll Solution | J2: Referral | K2: REP006 | L2: Enterprise | M2: Active | N2: Active | P2: 6898.05 | Q2: =IF(G2=TRUE(),E2-D2,"") -> 42
A3: CUST00002 | B3: LEAD00012 | C3: =TRUE() -> TRUE | D3: 45842 | E3: 45876 | F3: =TRUE() -> TRUE | G3: =TRUE() -> TRUE | H3: Netherlands | I3: Fuel Card | J3: Referral | K3: REP009 | L3: SME | M3: Active | N3: Active | P3: 732.38 | Q3: =IF(G3=TRUE(),E3-D3,"") -> 34
A4: CUST00003 | B4: LEAD00015 | C4: =TRUE() -> TRUE | D4: 45759 | E4: 45776 | F4: =TRUE() -> TRUE | G4: =TRUE() -> TRUE | H4: France | I4: Toll Solution | J4: Partner | K4: REP015 | L4: Mid-Market | M4: Active | N4: Active | P4: 1713.23 | Q4: =IF(G4=TRUE(),E4-D4,"") -> 17
A5: CUST00004 | B5: LEAD00016 | C5: =TRUE() -> TRUE | D5: 45821 | E5: 45850 | F5: =TRUE() -> TRUE | G5: =TRUE() -> TRUE | H5: United Kingdom | I5: Fuel Card | J5: Direct Sales | K5: REP004 | L5: Mid-Market | M5: Churned | N5: Churned | O5: 45941 | P5: 2249.42 | Q5: =IF(G5=TRUE(),E5-D5,"") -> 29
A6: CUST00005 | B6: LEAD00025 | C6: =TRUE() -> TRUE | D6: 46043 | E6: 46057 | F6: =TRUE() -> TRUE | G6: =TRUE() -> TRUE | H6: United Kingdom | I6: EV Charge Card | J6: Direct Sales | K6: REP006 | L6: SME | M6: Active | N6: Active | P6: 670.98 | Q6: =IF(G6=TRUE(),E6-D6,"") -> 14
A7: CUST00006 | B7: LEAD99999 | C7: =FALSE() -> FALSE | D7: 46004 | E7: 46035 | F7: =TRUE() -> TRUE | G7: =TRUE() -> TRUE | H7: United Kingdom | I7: Fuel Card | J7: Direct Sales | K7: REP006 | L7: SME | M7: Active | N7: Active | P7: 725.29 | Q7: =IF(G7=TRUE(),E7-D7,"") -> 31
A8: CUST00007 | B8: LEAD00035 | C8: =TRUE() -> TRUE | D8: 45700 | E8: 45711 | F8: =TRUE() -> TRUE | G8: =TRUE() -> TRUE | H8: France | I8: Fuel Card | J8: Partner | K8: REP013 | L8: SME | M8: Active | N8: Active | P8: 1113.11 | Q8: =IF(G8=TRUE(),E8-D8,"") -> 11
A9: CUST00008 | B9: LEAD00038 | C9: =TRUE() -> TRUE | D9: 45717 | F9: =TRUE() -> TRUE | G9: =FALSE() -> FALSE | H9: Netherlands | I9: Fuel Card | J9: Referral | K9: REP009 | L9: Mid-Market | M9: Not Activated | N9: Not Activated | P9: 3476.46 | Q9: =IF(G9=TRUE(),E9-D9,"")
A10: CUST00009 | B10: LEAD00041 | C10: =TRUE() -> TRUE | D10: 45741 | E10: 45778 | F10: =TRUE() -> TRUE | G10: =TRUE() -> TRUE | H10: United Kingdom | I10: EV Charge Card | J10: Referral | K10: REP006 | L10: Enterprise | M10: Active | N10: Active | P10: 5529.48 | Q10: =IF(G10=TRUE(),E10-D10,"") -> 37
A11: CUST00010 | B11: LEAD00046 | C11: =TRUE() -> TRUE | D11: 45952 | E11: 45983 | F11: =TRUE() -> TRUE | G11: =TRUE() -> TRUE | H11: United Kingdom | I11: Fuel Card | J11: Direct Sales | K11: REP004 | L11: SME | M11: Active | N11: Active | P11: 823.17 | Q11: =IF(G11=TRUE(),E11-D11,"") -> 31
A12: CUST00011 | B12: LEAD00049 | C12: =TRUE() -> TRUE | D12: 45923 | E12: 45929 | F12: =TRUE() -> TRUE | G12: =TRUE() -> TRUE | H12: Germany | I12: Toll Solution | J12: Referral | K12: REP002 | L12: SME | M12: Active | N12: Active | P12: 682.3 | Q12: =IF(G12=TRUE(),E12-D12,"") -> 6
A13: CUST00012 | B13: LEAD00058 | C13: =TRUE() -> TRUE | D13: 45757 | E13: 45798 | F13: =TRUE() -> TRUE | G13: =TRUE() -> TRUE | H13: United Kingdom | I13: EV Charge Card | J13: Partner | K13: REP006 | L13: SME | M13: Active | N13: Active | P13: 710.84 | Q13: =IF(G13=TRUE(),E13-D13,"") -> 41
A14: CUST00013 | B14: LEAD00064 | C14: =TRUE() -> TRUE | D14: 46021 | E14: 46019 | F14: =FALSE() -> FALSE | G14: =FALSE() -> FALSE | H14: United Kingdom | I14: EV Charge Card | J14: Telesales | K14: REP006 | L14: SME | M14: Active | N14: Active | P14: 565.82 | Q14: =IF(G14=TRUE(),E14-D14,"")
A15: CUST00014 | B15: LEAD00069 | C15: =TRUE() -> TRUE | D15: 45828 | E15: 45854 | F15: =TRUE() -> TRUE | G15: =TRUE() -> TRUE | H15: Germany | I15: Fuel Card | J15: Direct Sales | K15: REP002 | L15: SME | M15: Active | N15: Active | P15: 601.64 | Q15: =IF(G15=TRUE(),E15-D15,"") -> 26
A16: CUST00015 | B16: LEAD00072 | C16: =TRUE() -> TRUE | D16: 45769 | E16: 45796 | F16: =TRUE() -> TRUE | G16: =TRUE() -> TRUE | H16: United Kingdom | I16: Fleet Expense Card | J16: Direct Sales | K16: REP006 | L16: SME | M16: Active | N16: Active | P16: 594.28 | Q16: =IF(G16=TRUE(),E16-D16,"") -> 27
A17: CUST00016 | B17: LEAD00074 | C17: =TRUE() -> TRUE | D17: 45989 | E17: 45991 | F17: =TRUE() -> TRUE | G17: =TRUE() -> TRUE | H17: Germany | I17: EV Charge Card | J17: Digital | K17: REP001 | L17: SME | M17: Active | N17: Active | P17: 755.27 | Q17: =IF(G17=TRUE(),E17-D17,"") -> 2
A18: CUST00017 | B18: LEAD00075 | C18: =TRUE() -> TRUE | D18: 45824 | E18: 45827 | F18: =TRUE() -> TRUE | G18: =TRUE() -> TRUE | H18: France | I18: Fuel Card | J18: Partner | K18: REP015 | L18: Mid-Market | M18: Active | N18: Active | P18: 2303.13 | Q18: =IF(G18=TRUE(),E18-D18,"") -> 3
A19: CUST00018 | B19: LEAD00081 | C19: =TRUE() -> TRUE | D19: 45879 | E19: 45897 | F19: =TRUE() -> TRUE | G19: =TRUE() -> TRUE | H19: Netherlands | I19: EV Charge Card | J19: Partner | K19: REP009 | L19: Mid-Market | M19: Active | N19: Active | P19: 2363.89 | Q19: =IF(G19=TRUE(),E19-D19,"") -> 18
A20: CUST00019 | B20: LEAD00082 | C20: =TRUE() -> TRUE | D20: 45963 | F20: =TRUE() -> TRUE | G20: =FALSE() -> FALSE | H20: France | I20: Fuel Card | J20: Direct Sales | K20: REP015 | L20: SME | M20: Not Activated | N20: Not Activated | P20: 1129.44 | Q20: =IF(G20=TRUE(),E20-D20,"")
A21: CUST00020 | B21: LEAD00086 | C21: =TRUE() -> TRUE | D21: 45746 | E21: 45793 | F21: =TRUE() -> TRUE | G21: =TRUE() -> TRUE | H21: Germany | I21: Fuel Card | J21: Partner | K21: REP003 | L21: Enterprise | M21: Active | N21: Active | P21: 6878.5 | Q21: =IF(G21=TRUE(),E21-D21,"") -> 47
A22: CUST00021 | B22: LEAD99999 | C22: =FALSE() -> FALSE | D22: 45740 | E22: 45796 | F22: =TRUE() -> TRUE | G22: =TRUE() -> TRUE | H22: Germany | I22: Fuel Card | J22: Partner | K22: REP003 | L22: Mid-Market | M22: Active | N22: Active | P22: 2560.47 | Q22: =IF(G22=TRUE(),E22-D22,"") -> 56
A23: CUST00022 | B23: LEAD00089 | C23: =TRUE() -> TRUE | D23: 45821 | E23: 45837 | F23: =TRUE() -> TRUE | G23: =TRUE() -> TRUE | H23: Netherlands | I23: Fuel Card | J23: Partner | K23: REP008 | L23: Enterprise | M23: Active | N23: Active | P23: 8785.69 | Q23: =IF(G23=TRUE(),E23-D23,"") -> 16
A24: CUST00023 | B24: LEAD00090 | C24: =TRUE() -> TRUE | D24: 46000 | E24: 46043 | F24: =TRUE() -> TRUE | G24: =TRUE() -> TRUE | H24: France | I24: Fuel Card | J24: Direct Sales | K24: REP013 | L24: Mid-Market | M24: Active | N24: Active | P24: 2533.19 | Q24: =IF(G24=TRUE(),E24-D24,"") -> 43
A25: CUST00024 | B25: LEAD00092 | C25: =TRUE() -> TRUE | D25: 45750 | E25: 45760 | F25: =TRUE() -> TRUE | G25: =TRUE() -> TRUE | H25: Netherlands | I25: Fleet Expense Card | J25: Direct Sales | K25: REP008 | L25: Unclassified | M25: Active | N25: Active | P25: 585.85 | Q25: =IF(G25=TRUE(),E25-D25,"") -> 10
A26: CUST00025 | B26: LEAD00104 | C26: =TRUE() -> TRUE | D26: 45761 | E26: 45778 | F26: =TRUE() -> TRUE | G26: =TRUE() -> TRUE | H26: France | I26: Toll Solution | J26: Partner | K26: REP015 | L26: Mid-Market | M26: Active | N26: Active | P26: 2145.83 | Q26: =IF(G26=TRUE(),E26-D26,"") -> 17
A27: CUST00026 | B27: LEAD00106 | C27: =TRUE() -> TRUE | D27: 45869 | E27: 45883 | F27: =TRUE() -> TRUE | G27: =TRUE() -> TRUE | H27: Netherlands | I27: Fleet Expense Card | J27: Partner | K27: REP008 | L27: SME | M27: Active | N27: Active | P27: 921.4 | Q27: =IF(G27=TRUE(),E27-D27,"") -> 14
A28: CUST00027 | B28: LEAD00108 | C28: =TRUE() -> TRUE | D28: 45985 | E28: 46029 | F28: =TRUE() -> TRUE | G28: =TRUE() -> TRUE | H28: Czech Republic | I28: Fleet Expense Card | J28: Direct Sales | K28: REP012 | L28: Mid-Market | M28: Active | N28: Active | P28: 2768.87 | Q28: =IF(G28=TRUE(),E28-D28,"") -> 44
A29: CUST00028 | B29: LEAD00111 | C29: =TRUE() -> TRUE | D29: 45891 | E29: 45918 | F29: =TRUE() -> TRUE | G29: =TRUE() -> TRUE | H29: France | I29: Fuel Card | J29: Direct Sales | K29: REP015 | L29: Mid-Market | M29: Active | N29: Active | P29: 2084.05 | Q29: =IF(G29=TRUE(),E29-D29,"") -> 27
A30: CUST00029 | B30: LEAD00112 | C30: =TRUE() -> TRUE | D30: 45879 | E30: 45923 | F30: =TRUE() -> TRUE | G30: =TRUE() -> TRUE | H30: France | I30: Fuel Card | J30: Direct Sales | K30: REP015 | L30: Mid-Market | M30: Active | N30: Active | P30: 2684.85 | Q30: =IF(G30=TRUE(),E30-D30,"") -> 44
A31: CUST00030 | B31: LEAD00113 | C31: =TRUE() -> TRUE | D31: 45801 | E31: 45814 | F31: =TRUE() -> TRUE | G31: =TRUE() -> TRUE | H31: Netherlands | I31: Fuel Card | J31: Referral | K31: REP008 | L31: Unclassified | M31: Churned | N31: Churned | O31: 45889 | P31: 10631.28 | Q31: =IF(G31=TRUE(),E31-D31,"") -> 13
A32: CUST00031 | B32: LEAD00115 | C32: =TRUE() -> TRUE | D32: 45936 | E32: 45981 | F32: =TRUE() -> TRUE | G32: =TRUE() -> TRUE | H32: United Kingdom | I32: EV Charge Card | J32: Referral | K32: REP004 | L32: SME | M32: Active | N32: Active | P32: 843.9 | Q32: =IF(G32=TRUE(),E32-D32,"") -> 45
A33: CUST00032 | B33: LEAD00125 | C33: =TRUE() -> TRUE | D33: 45763 | E33: 45767 | F33: =TRUE() -> TRUE | G33: =TRUE() -> TRUE | H33: Germany | I33: Fuel Card | J33: Telesales | K33: REP001 | L33: SME | M33: Active | N33: Active | P33: 1012.09 | Q33: =IF(G33=TRUE(),E33-D33,"") -> 4
A34: CUST00033 | B34: LEAD00126 | C34: =TRUE() -> TRUE | D34: 45941 | E34: 46007 | F34: =TRUE() -> TRUE | G34: =TRUE() -> TRUE | H34: Germany | I34: Fuel Card | J34: Partner | K34: REP003 | L34: Enterprise | M34: Active | N34: Active | P34: 10550.44 | Q34: =IF(G34=TRUE(),E34-D34,"") -> 66
A35: CUST00034 | B35: LEAD00129 | C35: =TRUE() -> TRUE | D35: 45878 | E35: 45906 | F35: =TRUE() -> TRUE | G35: =TRUE() -> TRUE | H35: Czech Republic | I35: Fuel Card | J35: Direct Sales | K35: REP010 | L35: SME | M35: Active | N35: Active | P35: 994.66 | Q35: =IF(G35=TRUE(),E35-D35,"") -> 28
A36: CUST00035 | B36: LEAD00132 | C36: =TRUE() -> TRUE | D36: 45741 | E36: 45786 | F36: =TRUE() -> TRUE | G36: =TRUE() -> TRUE | H36: France | I36: Toll Solution | J36: Direct Sales | K36: REP014 | L36: Mid-Market | M36: Active | N36: Active | P36: 1434.56 | Q36: =IF(G36=TRUE(),E36-D36,"") -> 45
A37: CUST00036 | B37: LEAD00135 | C37: =TRUE() -> TRUE | D37: 45777 | E37: 45814 | F37: =TRUE() -> TRUE | G37: =TRUE() -> TRUE | H37: Czech Republic | I37: Fuel Card | J37: Referral | K37: REP011 | L37: Enterprise | M37: Active | N37: Active | P37: 6669.82 | Q37: =IF(G37=TRUE(),E37-D37,"") -> 37
A38: CUST00037 | B38: LEAD00136 | C38: =TRUE() -> TRUE | D38: 45977 | E38: 46015 | F38: =TRUE() -> TRUE | G38: =TRUE() -> TRUE | H38: France | I38: Fuel Card | J38: Direct Sales | K38: REP014 | L38: Mid-Market | M38: Active | N38: Active | P38: 3313.31 | Q38: =IF(G38=TRUE(),E38-D38,"") -> 38
A39: CUST00038 | B39: LEAD00141 | C39: =TRUE() -> TRUE | D39: 45828 | E39: 45838 | F39: =TRUE() -> TRUE | G39: =TRUE() -> TRUE | H39: United Kingdom | I39: EV Charge Card | J39: Direct Sales | K39: REP006 | L39: SME | M39: Active | N39: Active | P39: 879.21 | Q39: =IF(G39=TRUE(),E39-D39,"") -> 10
A40: CUST00039 | B40: LEAD00142 | C40: =TRUE() -> TRUE | D40: 45751 | E40: 45774 | F40: =TRUE() -> TRUE | G40: =TRUE() -> TRUE | H40: Netherlands | I40: Fuel Card | J40: Direct Sales | K40: REP007 | L40: SME | M40: Active | N40: Active | P40: 1001.56 | Q40: =IF(G40=TRUE(),E40-D40,"") -> 23
A41: CUST00040 | B41: LEAD00147 | C41: =TRUE() -> TRUE | D41: 45847 | F41: =TRUE() -> TRUE | G41: =FALSE() -> FALSE | H41: Germany | I41: Toll Solution | J41: Digital | K41: REP002 | L41: SME | M41: Not Activated | N41: Not Activated | P41: 435.5 | Q41: =IF(G41=TRUE(),E41-D41,"")
A42: CUST00041 | B42: LEAD00148 | C42: =TRUE() -> TRUE | D42: 45702 | F42: =TRUE() -> TRUE | G42: =FALSE() -> FALSE | H42: United Kingdom | I42: Fuel Card | J42: Partner | K42: REP005 | L42: Mid-Market | M42: Active | N42: Not Activated (data issue) | P42: 2195.99 | Q42: =IF(G42=TRUE(),E42-D42,"")
A43: CUST00042 | B43: LEAD00152 | C43: =TRUE() -> TRUE | D43: 45898 | E43: 45939 | F43: =TRUE() -> TRUE | G43: =TRUE() -> TRUE | H43: Germany | I43: Fleet Expense Card | J43: Direct Sales | K43: REP003 | L43: Mid-Market | M43: Active | N43: Active | P43: 1822.37 | Q43: =IF(G43=TRUE(),E43-D43,"") -> 41
A44: CUST00043 | B44: LEAD00156 | C44: =TRUE() -> TRUE | D44: 45807 | E44: 45850 | F44: =TRUE() -> TRUE | G44: =TRUE() -> TRUE | H44: Netherlands | I44: Toll Solution | J44: Referral | K44: REP008 | L44: Mid-Market | M44: Active | N44: Active | P44: 1392.53 | Q44: =IF(G44=TRUE(),E44-D44,"") -> 43
A45: CUST00044 | B45: LEAD00162 | C45: =TRUE() -> TRUE | D45: 45896 | E45: 45922 | F45: =TRUE() -> TRUE | G45: =TRUE() -> TRUE | H45: Germany | I45: Toll Solution | J45: Direct Sales | K45: REP002 | L45: Mid-Market | M45: Churned | N45: Churned | P45: 2050.27 | Q45: =IF(G45=TRUE(),E45-D45,"") -> 26
A46: CUST00045 | B46: LEAD00165 | C46: =TRUE() -> TRUE | D46: 45881 | E46: 45924 | F46: =TRUE() -> TRUE | G46: =TRUE() -> TRUE | H46: Germany | I46: Fleet Expense Card | J46: Partner | K46: REP002 | L46: Mid-Market | M46: Active | N46: Active | P46: 1977.9 | Q46: =IF(G46=TRUE(),E46-D46,"") -> 43
A47: CUST00046 | B47: LEAD00166 | C47: =TRUE() -> TRUE | D47: 45784 | E47: 45803 | F47: =TRUE() -> TRUE | G47: =TRUE() -> TRUE | H47: Germany | I47: Fuel Card | J47: Digital | K47: REP003 | L47: SME | M47: Active | N47: Active | P47: 1018.13 | Q47: =IF(G47=TRUE(),E47-D47,"") -> 19
A48: CUST00047 | B48: LEAD00181 | C48: =TRUE() -> TRUE | D48: 46023 | F48: =TRUE() -> TRUE | G48: =FALSE() -> FALSE | H48: Germany | I48: Fleet Expense Card | J48: Referral | K48: REP003 | L48: Mid-Market | M48: Not Activated | N48: Not Activated | P48: 3214.92 | Q48: =IF(G48=TRUE(),E48-D48,"")
A49: CUST00048 | B49: LEAD00186 | C49: =TRUE() -> TRUE | D49: 45987 | F49: =TRUE() -> TRUE | G49: =FALSE() -> FALSE | H49: Netherlands | I49: Fleet Expense Card | J49: Direct Sales | K49: REP009 | L49: Mid-Market | M49: Not Activated | N49: Not Activated | P49: 2603.91 | Q49: =IF(G49=TRUE(),E49-D49,"")
A50: CUST00049 | B50: LEAD00189 | C50: =TRUE() -> TRUE | D50: 45899 | E50: 45916 | F50: =TRUE() -> TRUE | G50: =TRUE() -> TRUE | H50: France | I50: Fuel Card | J50: Direct Sales | K50: REP015 | L50: SME | M50: Active | N50: Active | P50: 616.57 | Q50: =IF(G50=TRUE(),E50-D50,"") -> 17
A51: CUST00050 | B51: LEAD00193 | C51: =TRUE() -> TRUE | D51: 45939 | F51: =TRUE() -> TRUE | G51: =FALSE() -> FALSE | H51: United Kingdom | I51: Toll Solution | J51: Digital | K51: REP006 | L51: Mid-Market | M51: Active | N51: Not Activated (data issue) | P51: 1203.64 | Q51: =IF(G51=TRUE(),E51-D51,"")
A52: CUST00051 | B52: LEAD00198 | C52: =TRUE() -> TRUE | D52: 45836 | E52: 45859 | F52: =TRUE() -> TRUE | G52: =TRUE() -> TRUE | H52: United Kingdom | I52: EV Charge Card | J52: Partner | K52: REP006 | L52: SME | M52: Active | N52: Active | P52: 711.74 | Q52: =IF(G52=TRUE(),E52-D52,"") -> 23
A53: CUST00052 | B53: LEAD00199 | C53: =TRUE() -> TRUE | D53: 45841 | F53: =TRUE() -> TRUE | G53: =FALSE() -> FALSE | H53: United Kingdom | I53: Fuel Card | J53: Partner | K53: REP005 | L53: Unclassified | M53: Not Activated | N53: Not Activated | P53: 1083.67 | Q53: =IF(G53=TRUE(),E53-D53,"")
A54: CUST00053 | B54: LEAD00202 | C54: =TRUE() -> TRUE | D54: 46037 | F54: =TRUE() -> TRUE | G54: =FALSE() -> FALSE | H54: United Kingdom | I54: Fuel Card | J54: Partner | K54: REP004 | L54: SME | M54: Active | N54: Not Activated (data issue) | P54: 848.18 | Q54: =IF(G54=TRUE(),E54-D54,"")
A55: CUST00054 | B55: LEAD00208 | C55: =TRUE() -> TRUE | D55: 45887 | E55: 45915 | F55: =TRUE() -> TRUE | G55: =TRUE() -> TRUE | H55: United Kingdom | I55: Fuel Card | J55: Direct Sales | K55: REP004 | L55: SME | M55: Active | N55: Active | P55: 732.17 | Q55: =IF(G55=TRUE(),E55-D55,"") -> 28
A56: CUST00055 | B56: LEAD00214 | C56: =TRUE() -> TRUE | D56: 45903 | F56: =TRUE() -> TRUE | G56: =FALSE() -> FALSE | H56: France | I56: Fleet Expense Card | J56: Direct Sales | K56: REP015 | L56: Enterprise | M56: Not Activated | N56: Not Activated | P56: 5993.39 | Q56: =IF(G56=TRUE(),E56-D56,"")
A57: CUST00056 | B57: LEAD00215 | C57: =TRUE() -> TRUE | D57: 46049 | E57: 46077 | F57: =TRUE() -> TRUE | G57: =TRUE() -> TRUE | H57: Czech Republic | I57: EV Charge Card | J57: Digital | K57: REP010 | L57: Mid-Market | M57: Active | N57: Active | P57: 2794.31 | Q57: =IF(G57=TRUE(),E57-D57,"") -> 28
A58: CUST00057 | B58: LEAD00220 | C58: =TRUE() -> TRUE | D58: 45772 | E58: 45792 | F58: =TRUE() -> TRUE | G58: =TRUE() -> TRUE | H58: Germany | I58: EV Charge Card | J58: Direct Sales | K58: REP002 | L58: Mid-Market | M58: Active | N58: Active | P58: 2371.38 | Q58: =IF(G58=TRUE(),E58-D58,"") -> 20
A59: CUST00058 | B59: LEAD00227 | C59: =TRUE() -> TRUE | D59: 46000 | E59: 46024 | F59: =TRUE() -> TRUE | G59: =TRUE() -> TRUE | H59: France | I59: Fuel Card | J59: Direct Sales | K59: REP015 | L59: SME | M59: Active | N59: Active | P59: 714.73 | Q59: =IF(G59=TRUE(),E59-D59,"") -> 24
A60: CUST00059 | B60: LEAD00229 | C60: =TRUE() -> TRUE | D60: 45895 | E60: 45940 | F60: =TRUE() -> TRUE | G60: =TRUE() -> TRUE | H60: Czech Republic | I60: EV Charge Card | J60: Referral | K60: REP012 | L60: Enterprise | M60: Active | N60: Active | P60: 7135 | Q60: =IF(G60=TRUE(),E60-D60,"") -> 45
A61: CUST00060 | B61: LEAD00232 | C61: =TRUE() -> TRUE | D61: 45718 | E61: 45754 | F61: =TRUE() -> TRUE | G61: =TRUE() -> TRUE | H61: Germany | I61: EV Charge Card | J61: Direct Sales | K61: REP003 | L61: SME | M61: Active | N61: Active | P61: 703.07 | Q61: =IF(G61=TRUE(),E61-D61,"") -> 36
A62: CUST00061 | B62: LEAD00235 | C62: =TRUE() -> TRUE | D62: 45988 | E62: 45987 | F62: =FALSE() -> FALSE | G62: =FALSE() -> FALSE | H62: Netherlands | I62: EV Charge Card | J62: Direct Sales | K62: REP007 | L62: Mid-Market | M62: Active | N62: Active | P62: 2725.98 | Q62: =IF(G62=TRUE(),E62-D62,"")
A63: CUST00062 | B63: LEAD00236 | C63: =TRUE() -> TRUE | D63: 45917 | E63: 45920 | F63: =TRUE() -> TRUE | G63: =TRUE() -> TRUE | H63: Germany | I63: Toll Solution | J63: Digital | K63: REP001 | L63: Enterprise | M63: Active | N63: Active | P63: 6448.96 | Q63: =IF(G63=TRUE(),E63-D63,"") -> 3
A64: CUST00063 | B64: LEAD00237 | C64: =TRUE() -> TRUE | D64: 45697 | E64: 45709 | F64: =TRUE() -> TRUE | G64: =TRUE() -> TRUE | H64: France | I64: Fuel Card | J64: Referral | K64: REP013 | L64: SME | M64: Active | N64: Active | P64: 765.02 | Q64: =IF(G64=TRUE(),E64-D64,"") -> 12
A65: CUST00064 | B65: LEAD00238 | C65: =TRUE() -> TRUE | D65: 45807 | F65: =TRUE() -> TRUE | G65: =FALSE() -> FALSE | H65: Germany | I65: EV Charge Card | J65: Partner | K65: REP001 | L65: SME | M65: Not Activated | N65: Not Activated | P65: 777.05 | Q65: =IF(G65=TRUE(),E65-D65,"")
A66: CUST00065 | B66: LEAD00239 | C66: =TRUE() -> TRUE | D66: 45804 | E66: 45869 | F66: =TRUE() -> TRUE | G66: =TRUE() -> TRUE | H66: Germany | I66: Toll Solution | J66: Partner | K66: REP003 | L66: SME | M66: Active | N66: Active | P66: 540.37 | Q66: =IF(G66=TRUE(),E66-D66,"") -> 65
A67: CUST00066 | B67: LEAD00241 | C67: =TRUE() -> TRUE | D67: 45868 | E67: 45891 | F67: =TRUE() -> TRUE | G67: =TRUE() -> TRUE | H67: France | I67: Fuel Card | J67: Direct Sales | K67: REP013 | L67: SME | M67: Churned | N67: Churned | O67: 45955 | P67: 1005.07 | Q67: =IF(G67=TRUE(),E67-D67,"") -> 23
A68: CUST00067 | B68: LEAD00246 | C68: =TRUE() -> TRUE | D68: 45942 | F68: =TRUE() -> TRUE | G68: =FALSE() -> FALSE | H68: France | I68: Fuel Card | J68: Telesales | K68: REP015 | L68: Unclassified | M68: Not Activated | N68: Not Activated | P68: 982.51 | Q68: =IF(G68=TRUE(),E68-D68,"")
A69: CUST00068 | B69: LEAD00253 | C69: =TRUE() -> TRUE | D69: 45963 | E69: 45993 | F69: =TRUE() -> TRUE | G69: =TRUE() -> TRUE | H69: United Kingdom | I69: Fleet Expense Card | J69: Partner | K69: REP005 | L69: SME | M69: Active | N69: Active | P69: 919.94 | Q69: =IF(G69=TRUE(),E69-D69,"") -> 30
A70: CUST00069 | B70: LEAD00262 | C70: =TRUE() -> TRUE | D70: 45831 | E70: 45856 | F70: =TRUE() -> TRUE | G70: =TRUE() -> TRUE | H70: France | I70: Fuel Card | J70: Direct Sales | K70: REP015 | L70: Enterprise | M70: Active | N70: Active | P70: 10436.51 | Q70: =IF(G70=TRUE(),E70-D70,"") -> 25
A71: CUST00070 | B71: LEAD00267 | C71: =TRUE() -> TRUE | D71: 45814 | E71: 45852 | F71: =TRUE() -> TRUE | G71: =TRUE() -> TRUE | H71: France | I71: Fleet Expense Card | J71: Referral | K71: REP015 | L71: Mid-Market | M71: Active | N71: Active | P71: 2697.38 | Q71: =IF(G71=TRUE(),E71-D71,"") -> 38
A72: CUST00071 | B72: LEAD00270 | C72: =TRUE() -> TRUE | D72: 45846 | E72: 45852 | F72: =TRUE() -> TRUE | G72: =TRUE() -> TRUE | H72: Czech Republic | I72: Fuel Card | J72: Referral | K72: REP012 | L72: SME | M72: Active | N72: Active | P72: 1094.9 | Q72: =IF(G72=TRUE(),E72-D72,"") -> 6
A73: CUST00072 | B73: LEAD00281 | C73: =TRUE() -> TRUE | D73: 45849 | E73: 45872 | F73: =TRUE() -> TRUE | G73: =TRUE() -> TRUE | H73: Germany | I73: Toll Solution | J73: Digital | K73: REP002 | L73: SME | M73: Active | N73: Active | P73: 446.26 | Q73: =IF(G73=TRUE(),E73-D73,"") -> 23
A74: CUST00073 | B74: LEAD00283 | C74: =TRUE() -> TRUE | D74: 46002 | E74: 46033 | F74: =TRUE() -> TRUE | G74: =TRUE() -> TRUE | H74: France | I74: Fuel Card | J74: Direct Sales | K74: REP013 | L74: SME | M74: Active | N74: Active | P74: 807.92 | Q74: =IF(G74=TRUE(),E74-D74,"") -> 31
A75: CUST00074 | B75: LEAD00287 | C75: =TRUE() -> TRUE | D75: 45769 | E75: 45797 | F75: =TRUE() -> TRUE | G75: =TRUE() -> TRUE | H75: Germany | I75: Toll Solution | J75: Digital | K75: REP002 | L75: Enterprise | M75: Active | N75: Active | P75: 6517.51 | Q75: =IF(G75=TRUE(),E75-D75,"") -> 28
A76: CUST00075 | B76: LEAD00288 | C76: =TRUE() -> TRUE | D76: 45789 | F76: =TRUE() -> TRUE | G76: =FALSE() -> FALSE | H76: Netherlands | I76: Toll Solution | J76: Direct Sales | K76: REP008 | L76: SME | M76: Not Activated | N76: Not Activated | P76: 706 | Q76: =IF(G76=TRUE(),E76-D76,"")
A77: CUST00076 | B77: LEAD00293 | C77: =TRUE() -> TRUE | D77: 45839 | F77: =TRUE() -> TRUE | G77: =FALSE() -> FALSE | H77: Germany | I77: Fuel Card | J77: Telesales | K77: REP002 | L77: SME | M77: Not Activated | N77: Not Activated | P77: 758.21 | Q77: =IF(G77=TRUE(),E77-D77,"")
A78: CUST00077 | B78: LEAD00296 | C78: =TRUE() -> TRUE | D78: 45844 | E78: 45859 | F78: =TRUE() -> TRUE | G78: =TRUE() -> TRUE | H78: Netherlands | I78: Fleet Expense Card | J78: Direct Sales | K78: REP008 | L78: Mid-Market | M78: Active | N78: Active | P78: 2807.03 | Q78: =IF(G78=TRUE(),E78-D78,"") -> 15
A79: CUST00078 | B79: LEAD00298 | C79: =TRUE() -> TRUE | D79: 45737 | F79: =TRUE() -> TRUE | G79: =FALSE() -> FALSE | H79: Germany | I79: EV Charge Card | J79: Direct Sales | K79: REP002 | L79: SME | M79: Not Activated | N79: Not Activated | P79: 784.27 | Q79: =IF(G79=TRUE(),E79-D79,"")
A80: CUST00079 | B80: LEAD00300 | C80: =TRUE() -> TRUE | D80: 45806 | E80: 45837 | F80: =TRUE() -> TRUE | G80: =TRUE() -> TRUE | H80: Czech Republic | I80: EV Charge Card | J80: Digital | K80: REP011 | L80: SME | M80: Churned | N80: Churned | O80: 45907 | P80: 733.76 | Q80: =IF(G80=TRUE(),E80-D80,"") -> 31
A81: CUST00080 | B81: LEAD00301 | C81: =TRUE() -> TRUE | D81: 45711 | E81: 45719 | F81: =TRUE() -> TRUE | G81: =TRUE() -> TRUE | H81: United Kingdom | I81: EV Charge Card | J81: Telesales | K81: REP005 | L81: Enterprise | M81: Active | N81: Active | P81: 5537.49 | Q81: =IF(G81=TRUE(),E81-D81,"") -> 8
A82: CUST00081 | B82: LEAD00309 | C82: =TRUE() -> TRUE | D82: 45779 | E82: 45785 | F82: =TRUE() -> TRUE | G82: =TRUE() -> TRUE | H82: United Kingdom | I82: EV Charge Card | J82: Direct Sales | K82: REP006 | L82: Enterprise | M82: Active | N82: Active | P82: 6198.69 | Q82: =IF(G82=TRUE(),E82-D82,"") -> 6
A83: CUST00082 | B83: LEAD00311 | C83: =TRUE() -> TRUE | D83: 45900 | F83: =TRUE() -> TRUE | G83: =FALSE() -> FALSE | H83: Netherlands | I83: Fuel Card | J83: Referral | K83: REP009 | L83: Mid-Market | M83: Not Activated | N83: Not Activated | P83: 3464.47 | Q83: =IF(G83=TRUE(),E83-D83,"")
A84: CUST00083 | B84: LEAD00313 | C84: =TRUE() -> TRUE | D84: 46028 | E84: 46053 | F84: =TRUE() -> TRUE | G84: =TRUE() -> TRUE | H84: Netherlands | I84: Toll Solution | J84: Direct Sales | K84: REP007 | L84: Enterprise | M84: Active | N84: Active | P84: 3840.21 | Q84: =IF(G84=TRUE(),E84-D84,"") -> 25
A85: CUST00084 | B85: LEAD00321 | C85: =TRUE() -> TRUE | D85: 45982 | E85: 46010 | F85: =TRUE() -> TRUE | G85: =TRUE() -> TRUE | H85: Czech Republic | I85: Fuel Card | J85: Digital | K85: REP012 | L85: Enterprise | M85: Active | N85: Active | P85: 10097.3 | Q85: =IF(G85=TRUE(),E85-D85,"") -> 28
A86: CUST00085 | B86: LEAD00322 | C86: =TRUE() -> TRUE | D86: 45919 | E86: 45945 | F86: =TRUE() -> TRUE | G86: =TRUE() -> TRUE | H86: Germany | I86: Fuel Card | J86: Direct Sales | K86: REP003 | L86: Enterprise | M86: Active | N86: Active | P86: 9640.93 | Q86: =IF(G86=TRUE(),E86-D86,"") -> 26
A87: CUST00086 | B87: LEAD00332 | C87: =TRUE() -> TRUE | D87: 45736 | E87: 45767 | F87: =TRUE() -> TRUE | G87: =TRUE() -> TRUE | H87: Netherlands | I87: EV Charge Card | J87: Direct Sales | K87: REP009 | L87: Mid-Market | M87: Churned | N87: Churned | O87: 45886 | P87: 2559.14 | Q87: =IF(G87=TRUE(),E87-D87,"") -> 31
A88: CUST00087 | B88: LEAD00336 | C88: =TRUE() -> TRUE | D88: 45746 | E88: 45753 | F88: =TRUE() -> TRUE | G88: =TRUE() -> TRUE | H88: France | I88: Toll Solution | J88: Direct Sales | K88: REP014 | L88: Enterprise | M88: Active | N88: Active | P88: 5133.84 | Q88: =IF(G88=TRUE(),E88-D88,"") -> 7
A89: CUST00088 | B89: LEAD00337 | C89: =TRUE() -> TRUE | D89: 46028 | E89: 46061 | F89: =TRUE() -> TRUE | G89: =TRUE() -> TRUE | H89: Czech Republic | I89: EV Charge Card | J89: Partner | K89: REP011 | L89: SME | M89: Active | N89: Active | P89: 751.66 | Q89: =IF(G89=TRUE(),E89-D89,"") -> 33
A90: CUST00089 | B90: LEAD00339 | C90: =TRUE() -> TRUE | D90: 45717 | F90: =TRUE() -> TRUE | G90: =FALSE() -> FALSE | H90: United Kingdom | I90: Fuel Card | J90: Direct Sales | K90: REP005 | L90: SME | M90: Not Activated | N90: Not Activated | P90: 904.76 | Q90: =IF(G90=TRUE(),E90-D90,"")
A91: CUST00090 | B91: LEAD00353 | C91: =TRUE() -> TRUE | D91: 45716 | E91: 45742 | F91: =TRUE() -> TRUE | G91: =TRUE() -> TRUE | H91: France | I91: Toll Solution | J91: Direct Sales | K91: REP014 | L91: Enterprise | M91: Active | N91: Active | P91: 6559.66 | Q91: =IF(G91=TRUE(),E91-D91,"") -> 26
A92: CUST00091 | B92: LEAD00354 | C92: =TRUE() -> TRUE | D92: 45716 | E92: 45726 | F92: =TRUE() -> TRUE | G92: =TRUE() -> TRUE | H92: Czech Republic | I92: Fuel Card | J92: Telesales | K92: REP011 | L92: Enterprise | M92: Churned | N92: Churned | O92: 45904 | P92: 10492.14 | Q92: =IF(G92=TRUE(),E92-D92,"") -> 10
A93: CUST00092 | B93: LEAD00356 | C93: =TRUE() -> TRUE | D93: 45962 | E93: 45975 | F93: =TRUE() -> TRUE | G93: =TRUE() -> TRUE | H93: Germany | I93: EV Charge Card | J93: Direct Sales | K93: REP003 | L93: SME | M93: Active | N93: Active | P93: 635.51 | Q93: =IF(G93=TRUE(),E93-D93,"") -> 13
A94: CUST00093 | B94: LEAD00360 | C94: =TRUE() -> TRUE | D94: 45937 | F94: =TRUE() -> TRUE | G94: =FALSE() -> FALSE | H94: Germany | I94: Fuel Card | J94: Telesales | K94: REP001 | L94: Mid-Market | M94: Not Activated | N94: Not Activated | P94: 2812.76 | Q94: =IF(G94=TRUE(),E94-D94,"")
A95: CUST00094 | B95: LEAD00367 | C95: =TRUE() -> TRUE | D95: 45958 | E95: 45979 | F95: =TRUE() -> TRUE | G95: =TRUE() -> TRUE | H95: France | I95: Fuel Card | J95: Partner | K95: REP014 | L95: SME | M95: Active | N95: Active | P95: 598.11 | Q95: =IF(G95=TRUE(),E95-D95,"") -> 21
A96: CUST00095 | B96: LEAD00368 | C96: =TRUE() -> TRUE | D96: 45855 | E96: 45882 | F96: =TRUE() -> TRUE | G96: =TRUE() -> TRUE | H96: Netherlands | I96: Toll Solution | J96: Direct Sales | K96: REP007 | L96: SME | M96: Active | N96: Active | P96: 542.29 | Q96: =IF(G96=TRUE(),E96-D96,"") -> 27
A97: CUST00096 | B97: LEAD00370 | C97: =TRUE() -> TRUE | D97: 45882 | E97: 45909 | F97: =TRUE() -> TRUE | G97: =TRUE() -> TRUE | H97: France | I97: Fuel Card | J97: Telesales | K97: REP013 | L97: SME | M97: Churned | N97: Churned | O97: 45982 | P97: 1018.33 | Q97: =IF(G97=TRUE(),E97-D97,"") -> 27
A98: CUST00097 | B98: LEAD00374 | C98: =TRUE() -> TRUE | D98: 45995 | E98: 46020 | F98: =TRUE() -> TRUE | G98: =TRUE() -> TRUE | H98: Germany | I98: Fuel Card | J98: Referral | K98: REP003 | L98: SME | M98: Active | N98: Active | P98: 849.91 | Q98: =IF(G98=TRUE(),E98-D98,"") -> 25
A99: CUST00098 | B99: LEAD00376 | C99: =TRUE() -> TRUE | D99: 45934 | E99: 45963 | F99: =TRUE() -> TRUE | G99: =TRUE() -> TRUE | H99: Netherlands | I99: Fuel Card | J99: Partner | K99: REP007 | L99: SME | M99: Active | N99: Active | P99: 697.3 | Q99: =IF(G99=TRUE(),E99-D99,"") -> 29
A100: CUST00099 | B100: LEAD00377 | C100: =TRUE() -> TRUE | D100: 45793 | E100: 45834 | F100: =TRUE() -> TRUE | G100: =TRUE() -> TRUE | H100: Germany | I100: Fuel Card | J100: Direct Sales | K100: REP002 | L100: Enterprise | M100: Churned | N100: Churned | O100: 45983 | P100: 6827.52 | Q100: =IF(G100=TRUE(),E100-D100,"") -> 41
...

Sheet Clean_Transactions
A1: Transaction_ID | B1: Customer_ID | C1: Customer_Match_Valid | D1: Transaction_Date | E1: Transaction_Month | F1: Transaction_Type | G1: Gross_Value_EUR | H1: Revenue_EUR | I1: Revenue_Valid | J1: Transaction_Status | K1: Revenue_Usable | L1: Market | M1: Rep_ID_via_Customer | N1: Channel_via_Customer | O1: Product_via_Customer | P1: Segment_via_Customer
A2: TXN0000001 | B2: CUST00002 | C2: =TRUE() -> TRUE | D2: 45887 | E2: 45870 | F2: Fuel | G2: 3084.52 | H2: 71.6 | I2: =TRUE() -> TRUE | J2: Completed | K2: 71.6 | L2: Netherlands | M2: =IFERROR(INDEX(T_CleanCustomers[Sales_Rep_ID],MATCH(B2,T_CleanCustomers[Customer_ID],0)),"Unmatched") -> REP009 | N2: =IFERROR(INDEX(T_CleanCustomers[Channel],MATCH(B2,T_CleanCustomers[Customer_ID],0)),"Unmatched") -> Referral | O2: =IFERROR(INDEX(T_CleanCustomers[Product],MATCH(B2,T_CleanCustomers[Customer_ID],0)),"Unmatched") -> Fuel Card | P2: =IFERROR(INDEX(T_CleanCustomers[Customer_Segment],MATCH(B2,T_CleanCustomers[Customer_ID],0)),"Unmatched") -> SME
A3: TXN0000002 | B3: CUST00002 | C3: =TRUE() -> TRUE | D3: 45876 | E3: 45870 | F3: Fuel | G3: 4576.08 | H3: 105.35 | I3: =TRUE() -> TRUE | J3: Completed | K3: 105.35 | L3: Netherlands | M3: =IFERROR(INDEX(T_CleanCustomers[Sales_Rep_ID],MATCH(B3,T_CleanCustomers[Customer_ID],0)),"Unmatched") -> REP009 | N3: =IFERROR(INDEX(T_CleanCustomers[Channel],MATCH(B3,T_CleanCustomers[Customer_ID],0)),"Unmatched") -> Referral | O3: =IFERROR(INDEX(T_CleanCustomers[Product],MATCH(B3,T_CleanCustomers[Customer_ID],0)),"Unmatched") -> Fuel Card | P3: =IFERROR(INDEX(T_CleanCustomers[Customer_Segment],MATCH(B3,T_CleanCustomers[Customer_ID],0)),"Unmatched") -> SME
A4: TXN0000003 | B4: CUST00002 | C4: =TRUE() -> TRUE | D4: 45917 | E4: 45901 | F4: Fuel | G4: 4134.54 | H4: 116.94 | I4: =TRUE() -> TRUE | J4: Completed | K4: 116.94 | L4: Netherlands | M4: =IFERROR(INDEX(T_CleanCustomers[Sales_Rep_ID],MATCH(B4,T_CleanCustomers[Customer_ID],0)),"Unmatched") -> REP009 | N4: =IFERROR(INDEX(T_CleanCustomers[Channel],MATCH(B4,T_CleanCustomers[Customer_ID],0)),"Unmatched") -> Referral | O4: =IFERROR(INDEX(T_CleanCustomers[Product],MATCH(B4,T_CleanCustomers[Customer_ID],0)),"Unmatched") -> Fuel Card | P4: =IFERROR(INDEX(T_CleanCustomers[Customer_Segment],MATCH(B4,T_CleanCustomers[Customer_ID],0)),"Unmatched") -> SME
A5: TXN0000004 | B5: CUST00002 | C5: =TRUE() -> TRUE | D5: 45913 | E5: 45901 | F5: Fuel | G5: 3812.91 | H5: 84.68 | I5: =TRUE() -> TRUE | J5: Completed | K5: 84.68 | L5: Netherlands | M5: =IFERROR(INDEX(T_CleanCustomers[Sales_Rep_ID],MATCH(B5,T_CleanCustomers[Customer_ID],0)),"Unmatched") -> REP009 | N5: =IFERROR(INDEX(T_CleanCustomers[Channel],MATCH(B5,T_CleanCustomers[Customer_ID],0)),"Unmatched") -> Referral | O5: =IFERROR(INDEX(T_CleanCustomers[Product],MATCH(B5,T_CleanCustomers[Customer_ID],0)),"Unmatched") -> Fuel Card | P5: =IFERROR(INDEX(T_CleanCustomers[Customer_Segment],MATCH(B5,T_CleanCustomers[Customer_ID],0)),"Unmatched") -> SME
A6: TXN0000005 | B6: CUST00002 | C6: =TRUE() -> TRUE | D6: 45946 | E6: 45931 | F6: Fuel | G6: 4003.93 | H6: 100.39 | I6: =TRUE() -> TRUE | J6: Completed | K6: 100.39 | L6: Netherlands | M6: =IFERROR(INDEX(T_CleanCustomers[Sales_Rep_ID],MATCH(B6,T_CleanCustomers[Customer_ID],0)),"Unmatched") -> REP009 | N6: =IFERROR(INDEX(T_CleanCustomers[Channel],MATCH(B6,T_CleanCustomers[Customer_ID],0)),"Unmatched") -> Referral | O6: =IFERROR(INDEX(T_CleanCustomers[Product],MATCH(B6,T_CleanCustomers[Customer_ID],0)),"Unmatched") -> Fuel Card | P6: =IFERROR(INDEX(T_CleanCustomers[Customer_Segment],MATCH(B6,T_CleanCustomers[Customer_ID],0)),"Unmatched") -> SME
A7: TXN0000006 | B7: CUST00002 | C7: =TRUE() -> TRUE | D7: 45942 | E7: 45931 | F7: Fuel | G7: 3911.11 | H7: 106.16 | I7: =TRUE() -> TRUE | J7: Completed | K7: 106.16 | L7: Netherlands | M7: =IFERROR(INDEX(T_CleanCustomers[Sales_Rep_ID],MATCH(B7,T_CleanCustomers[Customer_ID],0)),"Unmatched") -> REP009 | N7: =IFERROR(INDEX(T_CleanCustomers[Channel],MATCH(B7,T_CleanCustomers[Customer_ID],0)),"Unmatched") -> Referral | O7: =IFERROR(INDEX(T_CleanCustomers[Product],MATCH(B7,T_CleanCustomers[Customer_ID],0)),"Unmatched") -> Fuel Card | P7: =IFERROR(INDEX(T_CleanCustomers[Customer_Segment],MATCH(B7,T_CleanCustomers[Customer_ID],0)),"Unmatched") -> SME
A8: TXN0000007 | B8: CUST00002 | C8: =TRUE() -> TRUE | D8: 45948 | E8: 45931 | F8: Fuel | G8: 4879.35 | H8: 130.23 | I8: =TRUE() -> TRUE | J8: Completed | K8: 130.23 | L8: Netherlands | M8: =IFERROR(INDEX(T_CleanCustomers[Sales_Rep_ID],MATCH(B8,T_CleanCustomers[Customer_ID],0)),"Unmatched") -> REP009 | N8: =IFERROR(INDEX(T_CleanCustomers[Channel],MATCH(B8,T_CleanCustomers[Customer_ID],0)),"Unmatched") -> Referral | O8: =IFERROR(INDEX(T_CleanCustomers[Product],MATCH(B8,T_CleanCustomers[Customer_ID],0)),"Unmatched") -> Fuel Card | P8: =IFERROR(INDEX(T_CleanCustomers[Customer_Segment],MATCH(B8,T_CleanCustomers[Customer_ID],0)),"Unmatched") -> SME
A9: TXN0000008 | B9: CUST00002 | C9: =TRUE() -> TRUE | D9: 45981 | E9: 45962 | F9: Fuel | G9: 3325.52 | H9: 91.85 | I9: =TRUE() -> TRUE | J9: Completed | K9: 91.85 | L9: Netherlands | M9: =IFERROR(INDEX(T_CleanCustomers[Sales_Rep_ID],MATCH(B9,T_CleanCustomers[Customer_ID],0)),"Unmatched") -> REP009 | N9: =IFERROR(INDEX(T_CleanCustomers[Channel],MATCH(B9,T_CleanCustomers[Customer_ID],0)),"Unmatched") -> Referral | O9: =IFERROR(INDEX(T_CleanCustomers[Product],MATCH(B9,T_CleanCustomers[Customer_ID],0)),"Unmatched") -> Fuel Card | P9: =IFERROR(INDEX(T_CleanCustomers[Customer_Segment],MATCH(B9,T_CleanCustomers[Customer_ID],0)),"Unmatched") -> SME
A10: TXN0000009 | B10: CUST00002 | C10: =TRUE() -> TRUE | D10: 45972 | E10: 45962 | F10: Fuel | G10: 4233.7 | H10: 90.19 | I10: =TRUE() -> TRUE | J10: Completed | K10: 90.19 | L10: Netherlands | M10: =IFERROR(INDEX(T_CleanCustomers[Sales_Rep_ID],MATCH(B10,T_CleanCustomers[Customer_ID],0)),"Unmatched") -> REP009 | N10: =IFERROR(INDEX(T_CleanCustomers[Channel],MATCH(B10,T_CleanCustomers[Customer_ID],0)),"Unmatched") -> Referral | O10: =IFERROR(INDEX(T_CleanCustomers[Product],MATCH(B10,T_CleanCustomers[Customer_ID],0)),"Unmatched") -> Fuel Card | P10: =IFERROR(INDEX(T_CleanCustomers[Customer_Segment],MATCH(B10,T_CleanCustomers[Customer_ID],0)),"Unmatched") -> SME
A11: TXN0000010 | B11: CUST00002 | C11: =TRUE() -> TRUE | D11: 46008 | E11: 45992 | F11: Fuel | G11: 1355.81 | H11: 28.92 | I11: =TRUE() -> TRUE | J11: Completed | K11: 28.92 | L11: Netherlands | M11: =IFERROR(INDEX(T_CleanCustomers[Sales_Rep_ID],MATCH(B11,T_CleanCustomers[Customer_ID],0)),"Unmatched") -> REP009 | N11: =IFERROR(INDEX(T_CleanCustomers[Channel],MATCH(B11,T_CleanCustomers[Customer_ID],0)),"Unmatched") -> Referral | O11: =IFERROR(INDEX(T_CleanCustomers[Product],MATCH(B11,T_CleanCustomers[Customer_ID],0)),"Unmatched") -> Fuel Card | P11: =IFERROR(INDEX(T_CleanCustomers[Customer_Segment],MATCH(B11,T_CleanCustomers[Customer_ID],0)),"Unmatched") -> SME
A12: TXN0000011 | B12: CUST00002 | C12: =TRUE() -> TRUE | D12: 46007 | E12: 45992 | F12: Fuel | G12: 3327.6 | H12: 84.65 | I12: =TRUE() -> TRUE | J12: Completed | K12: 84.65 | L12: Netherlands | M12: =IFERROR(INDEX(T_CleanCustomers[Sales_Rep_ID],MATCH(B12,T_CleanCustomers[Customer_ID],0)),"Unmatched") -> REP009 | N12: =IFERROR(INDEX(T_CleanCustomers[Channel],MATCH(B12,T_CleanCustomers[Customer_ID],0)),"Unmatched") -> Referral | O12: =IFERROR(INDEX(T_CleanCustomers[Product],MATCH(B12,T_CleanCustomers[Customer_ID],0)),"Unmatched") -> Fuel Card | P12: =IFERROR(INDEX(T_CleanCustomers[Customer_Segment],MATCH(B12,T_CleanCustomers[Customer_ID],0)),"Unmatched") -> SME
A13: TXN0000012 | B13: CUST00003 | C13: =TRUE() -> TRUE | D13: 45776 | E13: 45748 | F13: Toll | G13: 5152.89 | H13: 87.47 | I13: =TRUE() -> TRUE | J13: Completed | K13: 87.47 | L13: France | M13: =IFERROR(INDEX(T_CleanCustomers[Sales_Rep_ID],MATCH(B13,T_CleanCustomers[Customer_ID],0)),"Unmatched") -> REP015 | N13: =IFERROR(INDEX(T_CleanCustomers[Channel],MATCH(B13,T_CleanCustomers[Customer_ID],0)),"Unmatched") -> Partner | O13: =IFERROR(INDEX(T_CleanCustomers[Product],MATCH(B13,T_CleanCustomers[Customer_ID],0)),"Unmatched") -> Toll Solution | P13: =IFERROR(INDEX(T_CleanCustomers[Customer_Segment],MATCH(B13,T_CleanCustomers[Customer_ID],0)),"Unmatched") -> Mid-Market
... A74: TXN0000073 | B74: CUST00009 | C74: =TRUE() -> TRUE | D74: 45995 | E74: 45992 | F74: EV Charging | G74: 50472.73 | H74: 0 | I74: =TRUE() -> TRUE | J74: Cancelled | K74: 0 | L74: United Kingdom | M74: =IFERROR(INDEX(T_CleanCustomers[Sales_Rep_ID],MATCH(B74,T_CleanCustomers[Customer_ID],0)),"Unmatched") -> REP006 | N74: =IFERROR(INDEX(T_CleanCustomers[Channel],MATCH(B74,T_CleanCustomers[Customer_ID],0)),"Unmatched") -> Referral | O74: =IFERROR(INDEX(T_CleanCustomers[Product],MATCH(B74,T_CleanCustomers[Customer_ID],0)),"Unmatched") -> EV Charge Card | P74: =IFERROR(INDEX(T_CleanCustomers[Customer_Segment],MATCH(B74,T_CleanCustomers[Customer_ID],0)),"Unmatched") -> Enterprise
A75: TXN0000074 | B75: CUST99999 | C75: =FALSE() -> FALSE | D75: 45991 | E75: 45962 | F75: Fuel | G75: 4720.4 | H75: 125.85 | I75: =TRUE() -> TRUE | J75: Completed | K75: 0 | L75: United Kingdom | M75: =IFERROR(INDEX(T_CleanCustomers[Sales_Rep_ID],MATCH(B75,T_CleanCustomers[Customer_ID],0)),"Unmatched") -> Unmatched | N75: =IFERROR(INDEX(T_CleanCustomers[Channel],MATCH(B75,T_CleanCustomers[Customer_ID],0)),"Unmatched") -> Unmatched | O75: =IFERROR(INDEX(T_CleanCustomers[Product],MATCH(B75,T_CleanCustomers[Customer_ID],0)),"Unmatched") -> Unmatched | P75: =IFERROR(INDEX(T_CleanCustomers[Customer_Segment],MATCH(B75,T_CleanCustomers[Customer_ID],0)),"Unmatched") -> Unmatched
A76: TXN0000075 | B76: CUST00010 | C76: =TRUE() -> TRUE | D76: 45989 | E76: 45962 | F76: Fuel | G76: 4472.06 | H76: 102.34 | I76: =TRUE() -> TRUE | J76: Completed | K76: 102.34 | L76: United Kingdom | M76: =IFERROR(INDEX(T_CleanCustomers[Sales_Rep_ID],MATCH(B76,T_CleanCustomers[Customer_ID],0)),"Unmatched") -> REP004 | N76: =IFERROR(INDEX(T_CleanCustomers[Channel],MATCH(B76,T_CleanCustomers[Customer_ID],0)),"Unmatched") -> Direct Sales | O76: =IFERROR(INDEX(T_CleanCustomers[Product],MATCH(B76,T_CleanCustomers[Customer_ID],0)),"Unmatched") -> Fuel Card | P76: =IFERROR(INDEX(T_CleanCustomers[Customer_Segment],MATCH(B76,T_CleanCustomers[Customer_ID],0)),"Unmatched") -> SME
A77: TXN0000076 | B77: CUST00010 | C77: =TRUE() -> TRUE | D77: 46004 | E77: 45992 | F77: Fuel | G77: 2438.67 | H77: 65.5 | I77: =TRUE() -> TRUE | J77: Completed | K77: 65.5 | L77: United Kingdom | M77: =IFERROR(INDEX(T_CleanCustomers[Sales_Rep_ID],MATCH(B77,T_CleanCustomers[Customer_ID],0)),"Unmatched") -> REP004 | N77: =IFERROR(INDEX(T_CleanCustomers[Channel],MATCH(B77,T_CleanCustomers[Customer_ID],0)),"Unmatched") -> Direct Sales | O77: =IFERROR(INDEX(T_CleanCustomers[Product],MATCH(B77,T_CleanCustomers[Customer_ID],0)),"Unmatched") -> Fuel Card | P77: =IFERROR(INDEX(T_CleanCustomers[Customer_Segment],MATCH(B77,T_CleanCustomers[Customer_ID],0)),"Unmatched") -> SME
A78: TXN0000077 | B78: CUST00010 | C78: =TRUE() -> TRUE | D78: 46020 | E78: 45992 | F78: Fuel | G78: 2855.68 | H78: 80.55 | I78: =TRUE() -> TRUE | J78: Completed | K78: 80.55 | L78: United Kingdom | M78: =IFERROR(INDEX(T_CleanCustomers[Sales_Rep_ID],MATCH(B78,T_CleanCustomers[Customer_ID],0)),"Unmatched") -> REP004 | N78: =IFERROR(INDEX(T_CleanCustomers[Channel],MATCH(B78,T_CleanCustomers[Customer_ID],0)),"Unmatched") -> Direct Sales | O78: =IFERROR(INDEX(T_CleanCustomers[Product],MATCH(B78,T_CleanCustomers[Customer_ID],0)),"Unmatched") -> Fuel Card | P78: =IFERROR(INDEX(T_CleanCustomers[Customer_Segment],MATCH(B78,T_CleanCustomers[Customer_ID],0)),"Unmatched") -> SME
A79: TXN0000078 | B79: CUST00010 | C79: =TRUE() -> TRUE | D79: 45995 | E79: 45992 | F79: Fuel | G79: 3865.09 | H79: 102.64 | I79: =TRUE() -> TRUE | J79: Completed | K79: 102.64 | L79: United Kingdom | M79: =IFERROR(INDEX(T_CleanCustomers[Sales_Rep_ID],MATCH(B79,T_CleanCustomers[Customer_ID],0)),"Unmatched") -> REP004 | N79: =IFERROR(INDEX(T_CleanCustomers[Channel],MATCH(B79,T_CleanCustomers[Customer_ID],0)),"Unmatched") -> Direct Sales | O79: =IFERROR(INDEX(T_CleanCustomers[Product],MATCH(B79,T_CleanCustomers[Customer_ID],0)),"Unmatched") -> Fuel Card | P79: =IFERROR(INDEX(T_CleanCustomers[Customer_Segment],MATCH(B79,T_CleanCustomers[Customer_ID],0)),"Unmatched") -> SME
A80: TXN0000079 | B80: CUST00011 | C80: =TRUE() -> TRUE | D80: 45930 | E80: 45901 | F80: Toll | G80: 1275.28 | H80: 21.3 | I80: =TRUE() -> TRUE | J80: Completed | K80: 21.3 | L80: Germany | M80: =IFERROR(INDEX(T_CleanCustomers[Sales_Rep_ID],MATCH(B80,T_CleanCustomers[Customer_ID],0)),"Unmatched") -> REP002 | N80: =IFERROR(INDEX(T_CleanCustomers[Channel],MATCH(B80,T_CleanCustomers[Customer_ID],0)),"Unmatched") -> Referral | O80: =IFERROR(INDEX(T_CleanCustomers[Product],MATCH(B80,T_CleanCustomers[Customer_ID],0)),"Unmatched") -> Toll Solution | P80: =IFERROR(INDEX(T_CleanCustomers[Customer_Segment],MATCH(B80,T_CleanCustomers[Customer_ID],0)),"Unmatched") -> SME
A81: TXN0000080 | B81: CUST00011 | C81: =TRUE() -> TRUE | D81: 45930 | E81: 45901 | F81: Toll | G81: 4686.72 | H81: 94.97 | I81: =TRUE() -> TRUE | J81: Completed | K81: 94.97 | L81: Germany | M81: =IFERROR(INDEX(T_CleanCustomers[Sales_Rep_ID],MATCH(B81,T_CleanCustomers[Customer_ID],0)),"Unmatched") -> REP002 | N81: =IFERROR(INDEX(T_CleanCustomers[Channel],MATCH(B81,T_CleanCustomers[Customer_ID],0)),"Unmatched") -> Referral | O81: =IFERROR(INDEX(T_CleanCustomers[Product],MATCH(B81,T_CleanCustomers[Customer_ID],0)),"Unmatched") -> Toll Solution | P81: =IFERROR(INDEX(T_CleanCustomers[Customer_Segment],MATCH(B81,T_CleanCustomers[Customer_ID],0)),"Unmatched") -> SME
A82: TXN0000081 | B82: CUST00011 | C82: =TRUE() -> TRUE | D82: 45944 | E82: 45931 | F82: Toll | G82: 4479.88 | H82: 91.7 | I82: =TRUE() -> TRUE | J82: Completed | K82: 91.7 | L82: Germany | M82: =IFERROR(INDEX(T_CleanCustomers[Sales_Rep_ID],MATCH(B82,T_CleanCustomers[Customer_ID],0)),"Unmatched") -> REP002 | N82: =IFERROR(INDEX(T_CleanCustomers[Channel],MATCH(B82,T_CleanCustomers[Customer_ID],0)),"Unmatched") -> Referral | O82: =IFERROR(INDEX(T_CleanCustomers[Product],MATCH(B82,T_CleanCustomers[Customer_ID],0)),"Unmatched") -> Toll Solution | P82: =IFERROR(INDEX(T_CleanCustomers[Customer_Segment],MATCH(B82,T_CleanCustomers[Customer_ID],0)),"Unmatched") -> SME
A83: TXN0000082 | B83: CUST00011 | C83: =TRUE() -> TRUE | D83: 45986 | E83: 45962 | F83: Toll | G83: 4345.71 | H83: 83.17 | I83: =TRUE() -> TRUE | J83: Completed | K83: 83.17 | L83: Germany | M83: =IFERROR(INDEX(T_CleanCustomers[Sales_Rep_ID],MATCH(B83,T_CleanCustomers[Customer_ID],0)),"Unmatched") -> REP002 | N83: =IFERROR(INDEX(T_CleanCustomers[Channel],MATCH(B83,T_CleanCustomers[Customer_ID],0)),"Unmatched") -> Referral | O83: =IFERROR(INDEX(T_CleanCustomers[Product],MATCH(B83,T_CleanCustomers[Customer_ID],0)),"Unmatched") -> Toll Solution | P83: =IFERROR(INDEX(T_CleanCustomers[Customer_Segment],MATCH(B83,T_CleanCustomers[Customer_ID],0)),"Unmatched") -> SME
A84: TXN0000083 | B84: CUST00011 | C84: =TRUE() -> TRUE | D84: 45965 | E84: 45962 | F84: Toll | G84: 4684.22 | H84: 79.09 | I84: =TRUE() -> TRUE | J84: Completed | K84: 79.09 | L84: Germany | M84: =IFERROR(INDEX(T_CleanCustomers[Sales_Rep_ID],MATCH(B84,T_CleanCustomers[Customer_ID],0)),"Unmatched") -> REP002 | N84: =IFERROR(INDEX(T_CleanCustomers[Channel],MATCH(B84,T_CleanCustomers[Customer_ID],0)),"Unmatched") -> Referral | O84: =IFERROR(INDEX(T_CleanCustomers[Product],MATCH(B84,T_CleanCustomers[Customer_ID],0)),"Unmatched") -> Toll Solution | P84: =IFERROR(INDEX(T_CleanCustomers[Customer_Segment],MATCH(B84,T_CleanCustomers[Customer_ID],0)),"Unmatched") -> SME
A85: TXN0000084 | B85: CUST00011 | C85: =TRUE() -> TRUE | D85: 45975 | E85: 45962 | F85: Toll | G85: 4024.54 | H85: 63.78 | I85: =TRUE() -> TRUE | J85: Completed | K85: 63.78 | L85: Germany | M85: =IFERROR(INDEX(T_CleanCustomers[Sales_Rep_ID],MATCH(B85,T_CleanCustomers[Customer_ID],0)),"Unmatched") -> REP002 | N85: =IFERROR(INDEX(T_CleanCustomers[Channel],MATCH(B85,T_CleanCustomers[Customer_ID],0)),"Unmatched") -> Referral | O85: =IFERROR(INDEX(T_CleanCustomers[Product],MATCH(B85,T_CleanCustomers[Customer_ID],0)),"Unmatched") -> Toll Solution | P85: =IFERROR(INDEX(T_CleanCustomers[Customer_Segment],MATCH(B85,T_CleanCustomers[Customer_ID],0)),"Unmatched") -> SME
A86: TXN0000085 | B86: CUST00011 | C86: =TRUE() -> TRUE | D86: 46004 | E86: 45992 | F86: Toll | G86: 1862.09 | H86: 36.29 | I86: =TRUE() -> TRUE | J86: Completed | K86: 36.29 | L86: Germany | M86: =IFERROR(INDEX(T_CleanCustomers[Sales_Rep_ID],MATCH(B86,T_CleanCustomers[Customer_ID],0)),"Unmatched") -> REP002 | N86: =IFERROR(INDEX(T_CleanCustomers[Channel],MATCH(B86,T_CleanCustomers[Customer_ID],0)),"Unmatched") -> Referral | O86: =IFERROR(INDEX(T_CleanCustomers[Product],MATCH(B86,T_CleanCustomers[Customer_ID],0)),"Unmatched") -> Toll Solution | P86: =IFERROR(INDEX(T_CleanCustomers[Customer_Segment],MATCH(B86,T_CleanCustomers[Customer_ID],0)),"Unmatched") -> SME
A87: TXN0000086 | B87: CUST00012 | C87: =TRUE() -> TRUE | D87: 45798 | E87: 45778 | F87: EV Charging | G87: 2790.09 | H87: 0 | I87: =TRUE() -> TRUE | J87: Cancelled | K87: 0 | L87: United Kingdom | M87: =IFERROR(INDEX(T_CleanCustomers[Sales_Rep_ID],MATCH(B87,T_CleanCustomers[Customer_ID],0)),"Unmatched") -> REP006 | N87: =IFERROR(INDEX(T_CleanCustomers[Channel],MATCH(B87,T_CleanCustomers[Customer_ID],0)),"Unmatched") -> Partner | O87: =IFERROR(INDEX(T_CleanCustomers[Product],MATCH(B87,T_CleanCustomers[Customer_ID],0)),"Unmatched") -> EV Charge Card | P87: =IFERROR(INDEX(T_CleanCustomers[Customer_Segment],MATCH(B87,T_CleanCustomers[Customer_ID],0)),"Unmatched") -> SME
... A113: TXN0000112 | B113: CUST00014 | C113: =TRUE() -> TRUE | D113: 46011 | E113: 45992 | F113: Fuel | G113: 4453.61 | H113: 97.27 | I113: =TRUE() -> TRUE | J113: Completed | K113: 97.27 | L113: Germany | M113: =IFERROR(INDEX(T_CleanCustomers[Sales_Rep_ID],MATCH(B113,T_CleanCustomers[Customer_ID],0)),"Unmatched") -> REP002 | N113: =IFERROR(INDEX(T_CleanCustomers[Channel],MATCH(B113,T_CleanCustomers[Customer_ID],0)),"Unmatched") -> Direct Sales | O113: =IFERROR(INDEX(T_CleanCustomers[Product],MATCH(B113,T_CleanCustomers[Customer_ID],0)),"Unmatched") -> Fuel Card | P113: =IFERROR(INDEX(T_CleanCustomers[Customer_Segment],MATCH(B113,T_CleanCustomers[Customer_ID],0)),"Unmatched") -> SME
A114: TXN0000113 | B114: CUST00014 | C114: =TRUE() -> TRUE | D114: 46002 | E114: 45992 | F114: Fuel | G114: 1742.23 | H114: -44.57 | I114: =FALSE() -> FALSE | J114: Completed | K114: 0 | L114: Germany | M114: =IFERROR(INDEX(T_CleanCustomers[Sales_Rep_ID],MATCH(B114,T_CleanCustomers[Customer_ID],0)),"Unmatched") -> REP002 | N114: =IFERROR(INDEX(T_CleanCustomers[Channel],MATCH(B114,T_CleanCustomers[Customer_ID],0)),"Unmatched") -> Direct Sales | O114: =IFERROR(INDEX(T_CleanCustomers[Product],MATCH(B114,T_CleanCustomers[Customer_ID],0)),"Unmatched") -> Fuel Card | P114: =IFERROR(INDEX(T_CleanCustomers[Customer_Segment],MATCH(B114,T_CleanCustomers[Customer_ID],0)),"Unmatched") -> SME
A115: TXN0000114 | B115: CUST00015 | C115: =TRUE() -> TRUE | D115: 45802 | E115: 45778 | F115: Fuel | G115: 4569.18 | H115: 133.17 | I115: =TRUE() -> TRUE | J115: Completed | K115: 133.17 | L115: United Kingdom | M115: =IFERROR(INDEX(T_CleanCustomers[Sales_Rep_ID],MATCH(B115,T_CleanCustomers[Customer_ID],0)),"Unmatched") -> REP006 | N115: =IFERROR(INDEX(T_CleanCustomers[Channel],MATCH(B115,T_CleanCustomers[Customer_ID],0)),"Unmatched") -> Direct Sales | O115: =IFERROR(INDEX(T_CleanCustomers[Product],MATCH(B115,T_CleanCustomers[Customer_ID],0)),"Unmatched") -> Fleet Expense Card | P115: =IFERROR(INDEX(T_CleanCustomers[Customer_Segment],MATCH(B115,T_CleanCustomers[Customer_ID],0)),"Unmatched") -> SME
A116: TXN0000115 | B116: CUST00015 | C116: =TRUE() -> TRUE | D116: 45831 | E116: 45809 | F116: Fuel | G116: 3595.03 | H116: 92.35 | I116: =TRUE() -> TRUE | J116: Completed | K116: 92.35 | L116: United Kingdom | M116: =IFERROR(INDEX(T_CleanCustomers[Sales_Rep_ID],MATCH(B116,T_CleanCustomers[Customer_ID],0)),"Unmatched") -> REP006 | N116: =IFERROR(INDEX(T_CleanCustomers[Channel],MATCH(B116,T_CleanCustomers[Customer_ID],0)),"Unmatched") -> Direct Sales | O116: =IFERROR(INDEX(T_CleanCustomers[Product],MATCH(B116,T_CleanCustomers[Customer_ID],0)),"Unmatched") -> Fleet Expense Card | P116: =IFERROR(INDEX(T_CleanCustomers[Customer_Segment],MATCH(B116,T_CleanCustomers[Customer_ID],0)),"Unmatched") -> SME
A117: TXN0000116 | B117: CUST00015 | C117: =TRUE() -> TRUE | D117: 45851 | E117: 45839 | F117: Parking | G117: 4144.33 | H117: 96.7 | I117: =TRUE() -> TRUE | J117: Completed | K117: 96.7 | L117: United Kingdom | M117: =IFERROR(INDEX(T_CleanCustomers[Sales_Rep_ID],MATCH(B117,T_CleanCustomers[Customer_ID],0)),"Unmatched") -> REP006 | N117: =IFERROR(INDEX(T_CleanCustomers[Channel],MATCH(B117,T_CleanCustomers[Customer_ID],0)),"Unmatched") -> Direct Sales | O117: =IFERROR(INDEX(T_CleanCustomers[Product],MATCH(B117,T_CleanCustomers[Customer_ID],0)),"Unmatched") -> Fleet Expense Card | P117: =IFERROR(INDEX(T_CleanCustomers[Customer_Segment],MATCH(B117,T_CleanCustomers[Customer_ID],0)),"Unmatched") -> SME
A118: TXN0000117 | B118: CUST00015 | C118: =TRUE() -> TRUE | D118: 45848 | E118: 45839 | F118: Lodging | G118: 1896.67 | H118: 57.61 | I118: =TRUE() -> TRUE | J118: Completed | K118: 57.61 | L118: United Kingdom | M118: =IFERROR(INDEX(T_CleanCustomers[Sales_Rep_ID],MATCH(B118,T_CleanCustomers[Customer_ID],0)),"Unmatched") -> REP006 | N118: =IFERROR(INDEX(T_CleanCustomers[Channel],MATCH(B118,T_CleanCustomers[Customer_ID],0)),"Unmatched") -> Direct Sales | O118: =IFERROR(INDEX(T_CleanCustomers[Product],MATCH(B118,T_CleanCustomers[Customer_ID],0)),"Unmatched") -> Fleet Expense Card | P118: =IFERROR(INDEX(T_CleanCustomers[Customer_Segment],MATCH(B118,T_CleanCustomers[Customer_ID],0)),"Unmatched") -> SME
A119: TXN0000118 | B119: CUST00015 | C119: =TRUE() -> TRUE | D119: 45883 | E119: 45870 | F119: Parking | G119: 4379.44 | H119: 127.13 | I119: =TRUE() -> TRUE | J119: Completed | K119: 127.13 | L119: United Kingdom | M119: =IFERROR(INDEX(T_CleanCustomers[Sales_Rep_ID],MATCH(B119,T_CleanCustomers[Customer_ID],0)),"Unmatched") -> REP006 | N119: =IFERROR(INDEX(T_CleanCustomers[Channel],MATCH(B119,T_CleanCustomers[Customer_ID],0)),"Unmatched") -> Direct Sales | O119: =IFERROR(INDEX(T_CleanCustomers[Product],MATCH(B119,T_CleanCustomers[Customer_ID],0)),"Unmatched") -> Fleet Expense Card | P119: =IFERROR(INDEX(T_CleanCustomers[Customer_Segment],MATCH(B119,T_CleanCustomers[Customer_ID],0)),"Unmatched") -> SME
A120: TXN0000119 | B120: CUST00015 | C120: =TRUE() -> TRUE | D120: 45904 | E120: 45901 | F120: Fuel | G120: 2181.37 | H120: 56.96 | I120: =TRUE() -> TRUE | J120: Completed | K120: 56.96 | L120: United Kingdom | M120: =IFERROR(INDEX(T_CleanCustomers[Sales_Rep_ID],MATCH(B120,T_CleanCustomers[Customer_ID],0)),"Unmatched") -> REP006 | N120: =IFERROR(INDEX(T_CleanCustomers[Channel],MATCH(B120,T_CleanCustomers[Customer_ID],0)),"Unmatched") -> Direct Sales | O120: =IFERROR(INDEX(T_CleanCustomers[Product],MATCH(B120,T_CleanCustomers[Customer_ID],0)),"Unmatched") -> Fleet Expense Card | P120: =IFERROR(INDEX(T_CleanCustomers[Customer_Segment],MATCH(B120,T_CleanCustomers[Customer_ID],0)),"Unmatched") -> SME
A121: TXN0000120 | B121: CUST00015 | C121: =TRUE() -> TRUE | D121: 45924 | E121: 45901 | F121: Lodging | G121: 4271.34 | H121: 102.75 | I121: =TRUE() -> TRUE | J121: Completed | K121: 102.75 | L121: United Kingdom | M121: =IFERROR(INDEX(T_CleanCustomers[Sales_Rep_ID],MATCH(B121,T_CleanCustomers[Customer_ID],0)),"Unmatched") -> REP006 | N121: =IFERROR(INDEX(T_CleanCustomers[Channel],MATCH(B121,T_CleanCustomers[Customer_ID],0)),"Unmatched") -> Direct Sales | O121: =IFERROR(INDEX(T_CleanCustomers[Product],MATCH(B121,T_CleanCustomers[Customer_ID],0)),"Unmatched") -> Fleet Expense Card | P121: =IFERROR(INDEX(T_CleanCustomers[Customer_Segment],MATCH(B121,T_CleanCustomers[Customer_ID],0)),"Unmatched") -> SME
A122: TXN0000121 | B122: CUST00015 | C122: =TRUE() -> TRUE | D122: 45934 | E122: 45931 | F122: Lodging | G122: 2363.7 | H122: 63.82 | I122: =TRUE() -> TRUE | J122: Completed | K122: 63.82 | L122: United Kingdom | M122: =IFERROR(INDEX(T_CleanCustomers[Sales_Rep_ID],MATCH(B122,T_CleanCustomers[Customer_ID],0)),"Unmatched") -> REP006 | N122: =IFERROR(INDEX(T_CleanCustomers[Channel],MATCH(B122,T_CleanCustomers[Customer_ID],0)),"Unmatched") -> Direct Sales | O122: =IFERROR(INDEX(T_CleanCustomers[Product],MATCH(B122,T_CleanCustomers[Customer_ID],0)),"Unmatched") -> Fleet Expense Card | P122: =IFERROR(INDEX(T_CleanCustomers[Customer_Segment],MATCH(B122,T_CleanCustomers[Customer_ID],0)),"Unmatched") -> SME
A123: TXN0000122 | B123: CUST00015 | C123: =TRUE() -> TRUE | D123: 45960 | E123: 45931 | F123: Lodging | G123: 2927.4 | H123: 88.42 | I123: =TRUE() -> TRUE | J123: Completed | K123: 88.42 | L123: United Kingdom | M123: =IFERROR(INDEX(T_CleanCustomers[Sales_Rep_ID],MATCH(B123,T_CleanCustomers[Customer_ID],0)),"Unmatched") -> REP006 | N123: =IFERROR(INDEX(T_CleanCustomers[Channel],MATCH(B123,T_CleanCustomers[Customer_ID],0)),"Unmatched") -> Direct Sales | O123: =IFERROR(INDEX(T_CleanCustomers[Product],MATCH(B123,T_CleanCustomers[Customer_ID],0)),"Unmatched") -> Fleet Expense Card | P123: =IFERROR(INDEX(T_CleanCustomers[Customer_Segment],MATCH(B123,T_CleanCustomers[Customer_ID],0)),"Unmatched") -> SME
A124: TXN0000123 | B124: CUST00015 | C124: =TRUE() -> TRUE | D124: 45953 | E124: 45931 | F124: Lodging | G124: 4254.25 | H124: 117.86 | I124: =TRUE() -> TRUE | J124: Completed | K124: 117.86 | L124: United Kingdom | M124: =IFERROR(INDEX(T_CleanCustomers[Sales_Rep_ID],MATCH(B124,T_CleanCustomers[Customer_ID],0)),"Unmatched") -> REP006 | N124: =IFERROR(INDEX(T_CleanCustomers[Channel],MATCH(B124,T_CleanCustomers[Customer_ID],0)),"Unmatched") -> Direct Sales | O124: =IFERROR(INDEX(T_CleanCustomers[Product],MATCH(B124,T_CleanCustomers[Customer_ID],0)),"Unmatched") -> Fleet Expense Card | P124: =IFERROR(INDEX(T_CleanCustomers[Customer_Segment],MATCH(B124,T_CleanCustomers[Customer_ID],0)),"Unmatched") -> SME
A125: TXN0000124 | B125: CUST00015 | C125: =TRUE() -> TRUE | D125: 45973 | E125: 45962 | F125: Fuel | G125: 4178.95 | H125: 127.75 | I125: =TRUE() -> TRUE | J125: Completed | K125: 127.75 | L125: United Kingdom | M125: =IFERROR(INDEX(T_CleanCustomers[Sales_Rep_ID],MATCH(B125,T_CleanCustomers[Customer_ID],0)),"Unmatched") -> REP006 | N125: =IFERROR(INDEX(T_CleanCustomers[Channel],MATCH(B125,T_CleanCustomers[Customer_ID],0)),"Unmatched") -> Direct Sales | O125: =IFERROR(INDEX(T_CleanCustomers[Product],MATCH(B125,T_CleanCustomers[Customer_ID],0)),"Unmatched") -> Fleet Expense Card | P125: =IFERROR(INDEX(T_CleanCustomers[Customer_Segment],MATCH(B125,T_CleanCustomers[Customer_ID],0)),"Unmatched") -> SME
A126: TXN0000125 | B126: CUST00015 | C126: =TRUE() -> TRUE | D126: 45989 | E126: 45962 | F126: Fuel | G126: 1933.71 | H126: 54.98 | I126: =TRUE() -> TRUE | J126: Completed | K126: 54.98 | L126: United Kingdom | M126: =IFERROR(INDEX(T_CleanCustomers[Sales_Rep_ID],MATCH(B126,T_CleanCustomers[Customer_ID],0)),"Unmatched") -> REP006 | N126: =IFERROR(INDEX(T_CleanCustomers[Channel],MATCH(B126,T_CleanCustomers[Customer_ID],0)),"Unmatched") -> Direct Sales | O126: =IFERROR(INDEX(T_CleanCustomers[Product],MATCH(B126,T_CleanCustomers[Customer_ID],0)),"Unmatched") -> Fleet Expense Card | P126: =IFERROR(INDEX(T_CleanCustomers[Customer_Segment],MATCH(B126,T_CleanCustomers[Customer_ID],0)),"Unmatched") -> SME
... A212: TXN0000211 | B212: CUST00024 | C212: =TRUE() -> TRUE | D212: 45816 | E212: 45809 | F212: Fuel | G212: 4065.74 | H212: 121.78 | I212: =TRUE() -> TRUE | J212: Completed | K212: 121.78 | L212: Netherlands | M212: =IFERROR(INDEX(T_CleanCustomers[Sales_Rep_ID],MATCH(B212,T_CleanCustomers[Customer_ID],0)),"Unmatched") -> REP008 | N212: =IFERROR(INDEX(T_CleanCustomers[Channel],MATCH(B212,T_CleanCustomers[Customer_ID],0)),"Unmatched") -> Direct Sales | O212: =IFERROR(INDEX(T_CleanCustomers[Product],MATCH(B212,T_CleanCustomers[Customer_ID],0)),"Unmatched") -> Fleet Expense Card | P212: =IFERROR(INDEX(T_CleanCustomers[Customer_Segment],MATCH(B212,T_CleanCustomers[Customer_ID],0)),"Unmatched") -> Unclassified
A213: TXN0000212 | B213: CUST00024 | C213: =TRUE() -> TRUE | D213: 45843 | E213: 45839 | F213: Fuel | H213: 54.1 | I213: =TRUE() -> TRUE | J213: Completed | K213: 54.1 | L213: Netherlands | M213: =IFERROR(INDEX(T_CleanCustomers[Sales_Rep_ID],MATCH(B213,T_CleanCustomers[Customer_ID],0)),"Unmatched") -> REP008 | N213: =IFERROR(INDEX(T_CleanCustomers[Channel],MATCH(B213,T_CleanCustomers[Customer_ID],0)),"Unmatched") -> Direct Sales | O213: =IFERROR(INDEX(T_CleanCustomers[Product],MATCH(B213,T_CleanCustomers[Customer_ID],0)),"Unmatched") -> Fleet Expense Card | P213: =IFERROR(INDEX(T_CleanCustomers[Customer_Segment],MATCH(B213,T_CleanCustomers[Customer_ID],0)),"Unmatched") -> Unclassified
A214: TXN0000213 | B214: CUST00024 | C214: =TRUE() -> TRUE | D214: 45869 | E214: 45839 | F214: Lodging | G214: 2689.78 | H214: 63.73 | I214: =TRUE() -> TRUE | J214: Completed | K214: 63.73 | L214: Netherlands | M214: =IFERROR(INDEX(T_CleanCustomers[Sales_Rep_ID],MATCH(B214,T_CleanCustomers[Customer_ID],0)),"Unmatched") -> REP008 | N214: =IFERROR(INDEX(T_CleanCustomers[Channel],MATCH(B214,T_CleanCustomers[Customer_ID],0)),"Unmatched") -> Direct Sales | O214: =IFERROR(INDEX(T_CleanCustomers[Product],MATCH(B214,T_CleanCustomers[Customer_ID],0)),"Unmatched") -> Fleet Expense Card | P214: =IFERROR(INDEX(T_CleanCustomers[Customer_Segment],MATCH(B214,T_CleanCustomers[Customer_ID],0)),"Unmatched") -> Unclassified
A215: TXN0000214 | B215: CUST00024 | C215: =TRUE() -> TRUE | D215: 45849 | E215: 45839 | F215: Fuel | G215: 5063.27 | H215: 149.57 | I215: =TRUE() -> TRUE | J215: Completed | K215: 149.57 | L215: Netherlands | M215: =IFERROR(INDEX(T_CleanCustomers[Sales_Rep_ID],MATCH(B215,T_CleanCustomers[Customer_ID],0)),"Unmatched") -> REP008 | N215: =IFERROR(INDEX(T_CleanCustomers[Channel],MATCH(B215,T_CleanCustomers[Customer_ID],0)),"Unmatched") -> Direct Sales | O215: =IFERROR(INDEX(T_CleanCustomers[Product],MATCH(B215,T_CleanCustomers[Customer_ID],0)),"Unmatched") -> Fleet Expense Card | P215: =IFERROR(INDEX(T_CleanCustomers[Customer_Segment],MATCH(B215,T_CleanCustomers[Customer_ID],0)),"Unmatched") -> Unclassified
A216: TXN0000215 | B216: CUST00024 | C216: =TRUE() -> TRUE | D216: 45873 | E216: 45870 | F216: Fuel | G216: 5158.52 | H216: 148.22 | I216: =TRUE() -> TRUE | J216: Completed | K216: 148.22 | L216: Netherlands | M216: =IFERROR(INDEX(T_CleanCustomers[Sales_Rep_ID],MATCH(B216,T_CleanCustomers[Customer_ID],0)),"Unmatched") -> REP008 | N216: =IFERROR(INDEX(T_CleanCustomers[Channel],MATCH(B216,T_CleanCustomers[Customer_ID],0)),"Unmatched") -> Direct Sales | O216: =IFERROR(INDEX(T_CleanCustomers[Product],MATCH(B216,T_CleanCustomers[Customer_ID],0)),"Unmatched") -> Fleet Expense Card | P216: =IFERROR(INDEX(T_CleanCustomers[Customer_Segment],MATCH(B216,T_CleanCustomers[Customer_ID],0)),"Unmatched") -> Unclassified
A217: TXN0000216 | B217: CUST00024 | C217: =TRUE() -> TRUE | D217: 45907 | E217: 45901 | F217: Lodging | G217: 2528.54 | H217: 62.17 | I217: =TRUE() -> TRUE | J217: Completed | K217: 62.17 | L217: Netherlands | M217: =IFERROR(INDEX(T_CleanCustomers[Sales_Rep_ID],MATCH(B217,T_CleanCustomers[Customer_ID],0)),"Unmatched") -> REP008 | N217: =IFERROR(INDEX(T_CleanCustomers[Channel],MATCH(B217,T_CleanCustomers[Customer_ID],0)),"Unmatched") -> Direct Sales | O217: =IFERROR(INDEX(T_CleanCustomers[Product],MATCH(B217,T_CleanCustomers[Customer_ID],0)),"Unmatched") -> Fleet Expense Card | P217: =IFERROR(INDEX(T_CleanCustomers[Customer_Segment],MATCH(B217,T_CleanCustomers[Customer_ID],0)),"Unmatched") -> Unclassified
A218: TXN0000217 | B218: CUST00024 | C218: =TRUE() -> TRUE | D218: 45924 | E218: 45901 | F218: Parking | G218: 3765.36 | H218: 111.26 | I218: =TRUE() -> TRUE | J218: Completed | K218: 111.26 | L218: Netherlands | M218: =IFERROR(INDEX(T_CleanCustomers[Sales_Rep_ID],MATCH(B218,T_CleanCustomers[Customer_ID],0)),"Unmatched") -> REP008 | N218: =IFERROR(INDEX(T_CleanCustomers[Channel],MATCH(B218,T_CleanCustomers[Customer_ID],0)),"Unmatched") -> Direct Sales | O218: =IFERROR(INDEX(T_CleanCustomers[Product],MATCH(B218,T_CleanCustomers[Customer_ID],0)),"Unmatched") -> Fleet Expense Card | P218: =IFERROR(INDEX(T_CleanCustomers[Customer_Segment],MATCH(B218,T_CleanCustomers[Customer_ID],0)),"Unmatched") -> Unclassified
A219: TXN0000218 | B219: CUST00024 | C219: =TRUE() -> TRUE | D219: 45945 | E219: 45931 | F219: Parking | G219: 1399.01 | H219: 35.58 | I219: =TRUE() -> TRUE | J219: Completed | K219: 35.58 | L219: Netherlands | M219: =IFERROR(INDEX(T_CleanCustomers[Sales_Rep_ID],MATCH(B219,T_CleanCustomers[Customer_ID],0)),"Unmatched") -> REP008 | N219: =IFERROR(INDEX(T_CleanCustomers[Channel],MATCH(B219,T_CleanCustomers[Customer_ID],0)),"Unmatched") -> Direct Sales | O219: =IFERROR(INDEX(T_CleanCustomers[Product],MATCH(B219,T_CleanCustomers[Customer_ID],0)),"Unmatched") -> Fleet Expense Card | P219: =IFERROR(INDEX(T_CleanCustomers[Customer_Segment],MATCH(B219,T_CleanCustomers[Customer_ID],0)),"Unmatched") -> Unclassified
A220: TXN0000219 | B220: CUST00024 | C220: =TRUE() -> TRUE | D220: 45967 | E220: 45962 | F220: Lodging | G220: 5118.76 | H220: 119.02 | I220: =TRUE() -> TRUE | J220: Completed | K220: 119.02 | L220: Netherlands | M220: =IFERROR(INDEX(T_CleanCustomers[Sales_Rep_ID],MATCH(B220,T_CleanCustomers[Customer_ID],0)),"Unmatched") -> REP008 | N220: =IFERROR(INDEX(T_CleanCustomers[Channel],MATCH(B220,T_CleanCustomers[Customer_ID],0)),"Unmatched") -> Direct Sales | O220: =IFERROR(INDEX(T_CleanCustomers[Product],MATCH(B220,T_CleanCustomers[Customer_ID],0)),"Unmatched") -> Fleet Expense Card | P220: =IFERROR(INDEX(T_CleanCustomers[Customer_Segment],MATCH(B220,T_CleanCustomers[Customer_ID],0)),"Unmatched") -> Unclassified
A221: TXN0000220 | B221: CUST00024 | C221: =TRUE() -> TRUE | D221: 45964 | E221: 45962 | F221: Parking | G221: 1744.09 | H221: 45.41 | I221: =TRUE() -> TRUE | J221: Completed | K221: 45.41 | L221: Netherlands | M221: =IFERROR(INDEX(T_CleanCustomers[Sales_Rep_ID],MATCH(B221,T_CleanCustomers[Customer_ID],0)),"Unmatched") -> REP008 | N221: =IFERROR(INDEX(T_CleanCustomers[Channel],MATCH(B221,T_CleanCustomers[Customer_ID],0)),"Unmatched") -> Direct Sales | O221: =IFERROR(INDEX(T_CleanCustomers[Product],MATCH(B221,T_CleanCustomers[Customer_ID],0)),"Unmatched") -> Fleet Expense Card | P221: =IFERROR(INDEX(T_CleanCustomers[Customer_Segment],MATCH(B221,T_CleanCustomers[Customer_ID],0)),"Unmatched") -> Unclassified
A222: TXN0000221 | B222: CUST00024 | C222: =TRUE() -> TRUE | D222: 46017 | E222: 45992 | F222: Parking | G222: 1811.6 | H222: 54.76 | I222: =TRUE() -> TRUE | J222: Completed | K222: 54.76 | L222: Netherlands | M222: =IFERROR(INDEX(T_CleanCustomers[Sales_Rep_ID],MATCH(B222,T_CleanCustomers[Customer_ID],0)),"Unmatched") -> REP008 | N222: =IFERROR(INDEX(T_CleanCustomers[Channel],MATCH(B222,T_CleanCustomers[Customer_ID],0)),"Unmatched") -> Direct Sales | O222: =IFERROR(INDEX(T_CleanCustomers[Product],MATCH(B222,T_CleanCustomers[Customer_ID],0)),"Unmatched") -> Fleet Expense Card | P222: =IFERROR(INDEX(T_CleanCustomers[Customer_Segment],MATCH(B222,T_CleanCustomers[Customer_ID],0)),"Unmatched") -> Unclassified
A223: TXN0000222 | B223: CUST00024 | C223: =TRUE() -> TRUE | D223: 46022 | E223: 45992 | F223: Lodging | G223: 1593.27 | H223: 49.09 | I223: =TRUE() -> TRUE | J223: Completed | K223: 49.09 | L223: Netherlands | M223: =IFERROR(INDEX(T_CleanCustomers[Sales_Rep_ID],MATCH(B223,T_CleanCustomers[Customer_ID],0)),"Unmatched") -> REP008 | N223: =IFERROR(INDEX(T_CleanCustomers[Channel],MATCH(B223,T_CleanCustomers[Customer_ID],0)),"Unmatched") -> Direct Sales | O223: =IFERROR(INDEX(T_CleanCustomers[Product],MATCH(B223,T_CleanCustomers[Customer_ID],0)),"Unmatched") -> Fleet Expense Card | P223: =IFERROR(INDEX(T_CleanCustomers[Customer_Segment],MATCH(B223,T_CleanCustomers[Customer_ID],0)),"Unmatched") -> Unclassified
A224: TXN0000223 | B224: CUST00025 | C224: =TRUE() -> TRUE | D224: 45797 | E224: 45778 | F224: Toll | G224: 4708.63 | H224: 73.44 | I224: =TRUE() -> TRUE | J224: Completed | K224: 73.44 | L224: France | M224: =IFERROR(INDEX(T_CleanCustomers[Sales_Rep_ID],MATCH(B224,T_CleanCustomers[Customer_ID],0)),"Unmatched") -> REP015 | N224: =IFERROR(INDEX(T_CleanCustomers[Channel],MATCH(B224,T_CleanCustomers[Customer_ID],0)),"Unmatched") -> Partner | O224: =IFERROR(INDEX(T_CleanCustomers[Product],MATCH(B224,T_CleanCustomers[Customer_ID],0)),"Unmatched") -> Toll Solution | P224: =IFERROR(INDEX(T_CleanCustomers[Customer_Segment],MATCH(B224,T_CleanCustomers[Customer_ID],0)),"Unmatched") -> Mid-Market
A225: TXN0000224 | B225: CUST00025 | C225: =TRUE() -> TRUE | D225: 45828 | E225: 45809 | F225: Toll | G225: 8983.18 | H225: 149.5 | I225: =TRUE() -> TRUE | J225: Completed | K225: 149.5 | L225: France | M225: =IFERROR(INDEX(T_CleanCustomers[Sales_Rep_ID],MATCH(B225,T_CleanCustomers[Customer_ID],0)),"Unmatched") -> REP015 | N225: =IFERROR(INDEX(T_CleanCustomers[Channel],MATCH(B225,T_CleanCustomers[Customer_ID],0)),"Unmatched") -> Partner | O225: =IFERROR(INDEX(T_CleanCustomers[Product],MATCH(B225,T_CleanCustomers[Customer_ID],0)),"Unmatched") -> Toll Solution | P225: =IFERROR(INDEX(T_CleanCustomers[Customer_Segment],MATCH(B225,T_CleanCustomers[Customer_ID],0)),"Unmatched") -> Mid-Market
... A311: TXN0000310 | B311: CUST00035 | C311: =TRUE() -> TRUE | D311: 45871 | E311: 45870 | F311: Toll | G311: 8304.13 | H311: 165.28 | I311: =TRUE() -> TRUE | J311: Completed | K311: 165.28 | L311: France | M311: =IFERROR(INDEX(T_CleanCustomers[Sales_Rep_ID],MATCH(B311,T_CleanCustomers[Customer_ID],0)),"Unmatched") -> REP014 | N311: =IFERROR(INDEX(T_CleanCustomers[Channel],MATCH(B311,T_CleanCustomers[Customer_ID],0)),"Unmatched") -> Direct Sales | O311: =IFERROR(INDEX(T_CleanCustomers[Product],MATCH(B311,T_CleanCustomers[Customer_ID],0)),"Unmatched") -> Toll Solution | P311: =IFERROR(INDEX(T_CleanCustomers[Customer_Segment],MATCH(B311,T_CleanCustomers[Customer_ID],0)),"Unmatched") -> Mid-Market
A312: TXN0000311 | B312: CUST00035 | C312: =TRUE() -> TRUE | D312: 45924 | E312: 45901 | F312: Toll | G312: 15689.38 | H312: -288.02 | I312: =FALSE() -> FALSE | J312: Completed | K312: 0 | L312: France | M312: =IFERROR(INDEX(T_CleanCustomers[Sales_Rep_ID],MATCH(B312,T_CleanCustomers[Customer_ID],0)),"Unmatched") -> REP014 | N312: =IFERROR(INDEX(T_CleanCustomers[Channel],MATCH(B312,T_CleanCustomers[Customer_ID],0)),"Unmatched") -> Direct Sales | O312: =IFERROR(INDEX(T_CleanCustomers[Product],MATCH(B312,T_CleanCustomers[Customer_ID],0)),"Unmatched") -> Toll Solution | P312: =IFERROR(INDEX(T_CleanCustomers[Customer_Segment],MATCH(B312,T_CleanCustomers[Customer_ID],0)),"Unmatched") -> Mid-Market
A313: TXN0000312 | B313: CUST00035 | C313: =TRUE() -> TRUE | D313: 45909 | E313: 45901 | F313: Toll | G313: 15177.07 | H313: 276.95 | I313: =TRUE() -> TRUE | J313: Completed | K313: 276.95 | L313: France | M313: =IFERROR(INDEX(T_CleanCustomers[Sales_Rep_ID],MATCH(B313,T_CleanCustomers[Customer_ID],0)),"Unmatched") -> REP014 | N313: =IFERROR(INDEX(T_CleanCustomers[Channel],MATCH(B313,T_CleanCustomers[Customer_ID],0)),"Unmatched") -> Direct Sales | O313: =IFERROR(INDEX(T_CleanCustomers[Product],MATCH(B313,T_CleanCustomers[Customer_ID],0)),"Unmatched") -> Toll Solution | P313: =IFERROR(INDEX(T_CleanCustomers[Customer_Segment],MATCH(B313,T_CleanCustomers[Customer_ID],0)),"Unmatched") -> Mid-Market
A314: TXN0000313 | B314: CUST00035 | C314: =TRUE() -> TRUE | D314: 45930 | E314: 45901 | F314: Toll | G314: 14910.66 | H314: 253.17 | I314: =TRUE() -> TRUE | J314: Completed | K314: 253.17 | L314: France | M314: =IFERROR(INDEX(T_CleanCustomers[Sales_Rep_ID],MATCH(B314,T_CleanCustomers[Customer_ID],0)),"Unmatched") -> REP014 | N314: =IFERROR(INDEX(T_CleanCustomers[Channel],MATCH(B314,T_CleanCustomers[Customer_ID],0)),"Unmatched") -> Direct Sales | O314: =IFERROR(INDEX(T_CleanCustomers[Product],MATCH(B314,T_CleanCustomers[Customer_ID],0)),"Unmatched") -> Toll Solution | P314: =IFERROR(INDEX(T_CleanCustomers[Customer_Segment],MATCH(B314,T_CleanCustomers[Customer_ID],0)),"Unmatched") -> Mid-Market
A315: TXN0000314 | B315: CUST00035 | C315: =TRUE() -> TRUE | D315: 45947 | E315: 45931 | F315: Toll | G315: 15806.11 | H315: 270.8 | I315: =TRUE() -> TRUE | J315: Completed | K315: 270.8 | L315: France | M315: =IFERROR(INDEX(T_CleanCustomers[Sales_Rep_ID],MATCH(B315,T_CleanCustomers[Customer_ID],0)),"Unmatched") -> REP014 | N315: =IFERROR(INDEX(T_CleanCustomers[Channel],MATCH(B315,T_CleanCustomers[Customer_ID],0)),"Unmatched") -> Direct Sales | O315: =IFERROR(INDEX(T_CleanCustomers[Product],MATCH(B315,T_CleanCustomers[Customer_ID],0)),"Unmatched") -> Toll Solution | P315: =IFERROR(INDEX(T_CleanCustomers[Customer_Segment],MATCH(B315,T_CleanCustomers[Customer_ID],0)),"Unmatched") -> Mid-Market
A316: TXN0000315 | B316: CUST00035 | C316: =TRUE() -> TRUE | D316: 45960 | E316: 45931 | F316: Toll | G316: 15176.56 | H316: 282.76 | I316: =TRUE() -> TRUE | J316: Completed | K316: 282.76 | L316: France | M316: =IFERROR(INDEX(T_CleanCustomers[Sales_Rep_ID],MATCH(B316,T_CleanCustomers[Customer_ID],0)),"Unmatched") -> REP014 | N316: =IFERROR(INDEX(T_CleanCustomers[Channel],MATCH(B316,T_CleanCustomers[Customer_ID],0)),"Unmatched") -> Direct Sales | O316: =IFERROR(INDEX(T_CleanCustomers[Product],MATCH(B316,T_CleanCustomers[Customer_ID],0)),"Unmatched") -> Toll Solution | P316: =IFERROR(INDEX(T_CleanCustomers[Customer_Segment],MATCH(B316,T_CleanCustomers[Customer_ID],0)),"Unmatched") -> Mid-Market
A317: TXN0000316 | B317: CUST00035 | C317: =TRUE() -> TRUE | D317: 45959 | E317: 45931 | F317: Toll | G317: 13285.84 | H317: 226.01 | I317: =TRUE() -> TRUE | J317: Completed | K317: 226.01 | L317: France | M317: =IFERROR(INDEX(T_CleanCustomers[Sales_Rep_ID],MATCH(B317,T_CleanCustomers[Customer_ID],0)),"Unmatched") -> REP014 | N317: =IFERROR(INDEX(T_CleanCustomers[Channel],MATCH(B317,T_CleanCustomers[Customer_ID],0)),"Unmatched") -> Direct Sales | O317: =IFERROR(INDEX(T_CleanCustomers[Product],MATCH(B317,T_CleanCustomers[Customer_ID],0)),"Unmatched") -> Toll Solution | P317: =IFERROR(INDEX(T_CleanCustomers[Customer_Segment],MATCH(B317,T_CleanCustomers[Customer_ID],0)),"Unmatched") -> Mid-Market
A318: TXN0000317 | B318: CUST00035 | C318: =TRUE() -> TRUE | D318: 45966 | E318: 45962 | F318: Toll | G318: 12865.21 | H318: 257.39 | I318: =TRUE() -> TRUE | J318: Completed | K318: 257.39 | L318: France | M318: =IFERROR(INDEX(T_CleanCustomers[Sales_Rep_ID],MATCH(B318,T_CleanCustomers[Customer_ID],0)),"Unmatched") -> REP014 | N318: =IFERROR(INDEX(T_CleanCustomers[Channel],MATCH(B318,T_CleanCustomers[Customer_ID],0)),"Unmatched") -> Direct Sales | O318: =IFERROR(INDEX(T_CleanCustomers[Product],MATCH(B318,T_CleanCustomers[Customer_ID],0)),"Unmatched") -> Toll Solution | P318: =IFERROR(INDEX(T_CleanCustomers[Customer_Segment],MATCH(B318,T_CleanCustomers[Customer_ID],0)),"Unmatched") -> Mid-Market
A319: TXN0000318 | B319: CUST00035 | C319: =TRUE() -> TRUE | D319: 45982 | E319: 45962 | F319: Toll | G319: 17707.05 | H319: 322.99 | I319: =TRUE() -> TRUE | J319: Completed | K319: 322.99 | L319: France | M319: =IFERROR(INDEX(T_CleanCustomers[Sales_Rep_ID],MATCH(B319,T_CleanCustomers[Customer_ID],0)),"Unmatched") -> REP014 | N319: =IFERROR(INDEX(T_CleanCustomers[Channel],MATCH(B319,T_CleanCustomers[Customer_ID],0)),"Unmatched") -> Direct Sales | O319: =IFERROR(INDEX(T_CleanCustomers[Product],MATCH(B319,T_CleanCustomers[Customer_ID],0)),"Unmatched") -> Toll Solution | P319: =IFERROR(INDEX(T_CleanCustomers[Customer_Segment],MATCH(B319,T_CleanCustomers[Customer_ID],0)),"Unmatched") -> Mid-Market
A320: TXN0000319 | B320: CUST00035 | C320: =TRUE() -> TRUE | D320: 45983 | E320: 45962 | F320: Toll | G320: 11999.86 | H320: 244.13 | I320: =TRUE() -> TRUE | J320: Completed | K320: 244.13 | L320: France | M320: =IFERROR(INDEX(T_CleanCustomers[Sales_Rep_ID],MATCH(B320,T_CleanCustomers[Customer_ID],0)),"Unmatched") -> REP014 | N320: =IFERROR(INDEX(T_CleanCustomers[Channel],MATCH(B320,T_CleanCustomers[Customer_ID],0)),"Unmatched") -> Direct Sales | O320: =IFERROR(INDEX(T_CleanCustomers[Product],MATCH(B320,T_CleanCustomers[Customer_ID],0)),"Unmatched") -> Toll Solution | P320: =IFERROR(INDEX(T_CleanCustomers[Customer_Segment],MATCH(B320,T_CleanCustomers[Customer_ID],0)),"Unmatched") -> Mid-Market
A321: TXN0000320 | B321: CUST00035 | C321: =TRUE() -> TRUE | D321: 46005 | E321: 45992 | F321: Toll | G321: 13093.37 | H321: 233.21 | I321: =TRUE() -> TRUE | J321: Completed | K321: 233.21 | L321: France | M321: =IFERROR(INDEX(T_CleanCustomers[Sales_Rep_ID],MATCH(B321,T_CleanCustomers[Customer_ID],0)),"Unmatched") -> REP014 | N321: =IFERROR(INDEX(T_CleanCustomers[Channel],MATCH(B321,T_CleanCustomers[Customer_ID],0)),"Unmatched") -> Direct Sales | O321: =IFERROR(INDEX(T_CleanCustomers[Product],MATCH(B321,T_CleanCustomers[Customer_ID],0)),"Unmatched") -> Toll Solution | P321: =IFERROR(INDEX(T_CleanCustomers[Customer_Segment],MATCH(B321,T_CleanCustomers[Customer_ID],0)),"Unmatched") -> Mid-Market
A322: TXN0000321 | B322: CUST00035 | C322: =TRUE() -> TRUE | D322: 46000 | E322: 45992 | F322: Toll | G322: 12349.52 | H322: 227.87 | I322: =TRUE() -> TRUE | J322: Completed | K322: 227.87 | L322: France | M322: =IFERROR(INDEX(T_CleanCustomers[Sales_Rep_ID],MATCH(B322,T_CleanCustomers[Customer_ID],0)),"Unmatched") -> REP014 | N322: =IFERROR(INDEX(T_CleanCustomers[Channel],MATCH(B322,T_CleanCustomers[Customer_ID],0)),"Unmatched") -> Direct Sales | O322: =IFERROR(INDEX(T_CleanCustomers[Product],MATCH(B322,T_CleanCustomers[Customer_ID],0)),"Unmatched") -> Toll Solution | P322: =IFERROR(INDEX(T_CleanCustomers[Customer_Segment],MATCH(B322,T_CleanCustomers[Customer_ID],0)),"Unmatched") -> Mid-Market
A323: TXN0000322 | B323: CUST99999 | C323: =FALSE() -> FALSE | D323: 45822 | E323: 45809 | F323: Fuel | G323: 30265.56 | H323: 838.88 | I323: =TRUE() -> TRUE | J323: Completed | K323: 0 | L323: Czech Republic | M323: =IFERROR(INDEX(T_CleanCustomers[Sales_Rep_ID],MATCH(B323,T_CleanCustomers[Customer_ID],0)),"Unmatched") -> Unmatched | N323: =IFERROR(INDEX(T_CleanCustomers[Channel],MATCH(B323,T_CleanCustomers[Customer_ID],0)),"Unmatched") -> Unmatched | O323: =IFERROR(INDEX(T_CleanCustomers[Product],MATCH(B323,T_CleanCustomers[Customer_ID],0)),"Unmatched") -> Unmatched | P323: =IFERROR(INDEX(T_CleanCustomers[Customer_Segment],MATCH(B323,T_CleanCustomers[Customer_ID],0)),"Unmatched") -> Unmatched
A324: TXN0000323 | B324: CUST00036 | C324: =TRUE() -> TRUE | D324: 45830 | E324: 45809 | F324: Fuel | G324: 36484.74 | H324: 800.62 | I324: =TRUE() -> TRUE | J324: Completed | K324: 800.62 | L324: Czech Republic | M324: =IFERROR(INDEX(T_CleanCustomers[Sales_Rep_ID],MATCH(B324,T_CleanCustomers[Customer_ID],0)),"Unmatched") -> REP011 | N324: =IFERROR(INDEX(T_CleanCustomers[Channel],MATCH(B324,T_CleanCustomers[Customer_ID],0)),"Unmatched") -> Referral | O324: =IFERROR(INDEX(T_CleanCustomers[Product],MATCH(B324,T_CleanCustomers[Customer_ID],0)),"Unmatched") -> Fuel Card | P324: =IFERROR(INDEX(T_CleanCustomers[Customer_Segment],MATCH(B324,T_CleanCustomers[Customer_ID],0)),"Unmatched") -> Enterprise
A325: TXN0000324 | B325: CUST00036 | C325: =TRUE() -> TRUE | D325: 45835 | E325: 45809 | F325: Fuel | G325: 41527.22 | H325: 935.7 | I325: =TRUE() -> TRUE | J325: Completed | K325: 935.7 | L325: Czech Republic | M325: =IFERROR(INDEX(T_CleanCustomers[Sales_Rep_ID],MATCH(B325,T_CleanCustomers[Customer_ID],0)),"Unmatched") -> REP011 | N325: =IFERROR(INDEX(T_CleanCustomers[Channel],MATCH(B325,T_CleanCustomers[Customer_ID],0)),"Unmatched") -> Referral | O325: =IFERROR(INDEX(T_CleanCustomers[Product],MATCH(B325,T_CleanCustomers[Customer_ID],0)),"Unmatched") -> Fuel Card | P325: =IFERROR(INDEX(T_CleanCustomers[Customer_Segment],MATCH(B325,T_CleanCustomers[Customer_ID],0)),"Unmatched") -> Enterprise
A326: TXN0000325 | B326: CUST00036 | C326: =TRUE() -> TRUE | D326: 45843 | E326: 45839 | F326: Fuel | G326: 17272.1 | H326: 477.56 | I326: =TRUE() -> TRUE | J326: Completed | K326: 477.56 | L326: Czech Republic | M326: =IFERROR(INDEX(T_CleanCustomers[Sales_Rep_ID],MATCH(B326,T_CleanCustomers[Customer_ID],0)),"Unmatched") -> REP011 | N326: =IFERROR(INDEX(T_CleanCustomers[Channel],MATCH(B326,T_CleanCustomers[Customer_ID],0)),"Unmatched") -> Referral | O326: =IFERROR(INDEX(T_CleanCustomers[Product],MATCH(B326,T_CleanCustomers[Customer_ID],0)),"Unmatched") -> Fuel Card | P326: =IFERROR(INDEX(T_CleanCustomers[Customer_Segment],MATCH(B326,T_CleanCustomers[Customer_ID],0)),"Unmatched") -> Enterprise
A327: TXN0000326 | B327: CUST00036 | C327: =TRUE() -> TRUE | D327: 45853 | E327: 45839 | F327: Fuel | G327: 35257.07 | H327: 848.82 | I327: =TRUE() -> TRUE | J327: Completed | K327: 848.82 | L327: Czech Republic | M327: =IFERROR(INDEX(T_CleanCustomers[Sales_Rep_ID],MATCH(B327,T_CleanCustomers[Customer_ID],0)),"Unmatched") -> REP011 | N327: =IFERROR(INDEX(T_CleanCustomers[Channel],MATCH(B327,T_CleanCustomers[Customer_ID],0)),"Unmatched") -> Referral | O327: =IFERROR(INDEX(T_CleanCustomers[Product],MATCH(B327,T_CleanCustomers[Customer_ID],0)),"Unmatched") -> Fuel Card | P327: =IFERROR(INDEX(T_CleanCustomers[Customer_Segment],MATCH(B327,T_CleanCustomers[Customer_ID],0)),"Unmatched") -> Enterprise
A328: TXN0000327 | B328: CUST00036 | C328: =TRUE() -> TRUE | D328: 45887 | E328: 45870 | F328: Fuel | G328: 43554.17 | H328: 1083.25 | I328: =TRUE() -> TRUE | J328: Completed | K328: 1083.25 | L328: Czech Republic | M328: =IFERROR(INDEX(T_CleanCustomers[Sales_Rep_ID],MATCH(B328,T_CleanCustomers[Customer_ID],0)),"Unmatched") -> REP011 | N328: =IFERROR(INDEX(T_CleanCustomers[Channel],MATCH(B328,T_CleanCustomers[Customer_ID],0)),"Unmatched") -> Referral | O328: =IFERROR(INDEX(T_CleanCustomers[Product],MATCH(B328,T_CleanCustomers[Customer_ID],0)),"Unmatched") -> Fuel Card | P328: =IFERROR(INDEX(T_CleanCustomers[Customer_Segment],MATCH(B328,T_CleanCustomers[Customer_ID],0)),"Unmatched") -> Enterprise
A329: TXN0000328 | B329: CUST00036 | C329: =TRUE() -> TRUE | D329: 45894 | E329: 45870 | F329: Fuel | G329: 19940.22 | H329: 426.21 | I329: =TRUE() -> TRUE | J329: Completed | K329: 426.21 | L329: Czech Republic | M329: =IFERROR(INDEX(T_CleanCustomers[Sales_Rep_ID],MATCH(B329,T_CleanCustomers[Customer_ID],0)),"Unmatched") -> REP011 | N329: =IFERROR(INDEX(T_CleanCustomers[Channel],MATCH(B329,T_CleanCustomers[Customer_ID],0)),"Unmatched") -> Referral | O329: =IFERROR(INDEX(T_CleanCustomers[Product],MATCH(B329,T_CleanCustomers[Customer_ID],0)),"Unmatched") -> Fuel Card | P329: =IFERROR(INDEX(T_CleanCustomers[Customer_Segment],MATCH(B329,T_CleanCustomers[Customer_ID],0)),"Unmatched") -> Enterprise
A330: TXN0000329 | B330: CUST00036 | C330: =TRUE() -> TRUE | D330: 45918 | E330: 45901 | F330: Fuel | G330: 52695.03 | H330: 1124.05 | I330: =TRUE() -> TRUE | J330: Completed | K330: 1124.05 | L330: Czech Republic | M330: =IFERROR(INDEX(T_CleanCustomers[Sales_Rep_ID],MATCH(B330,T_CleanCustomers[Customer_ID],0)),"Unmatched") -> REP011 | N330: =IFERROR(INDEX(T_CleanCustomers[Channel],MATCH(B330,T_CleanCustomers[Customer_ID],0)),"Unmatched") -> Referral | O330: =IFERROR(INDEX(T_CleanCustomers[Product],MATCH(B330,T_CleanCustomers[Customer_ID],0)),"Unmatched") -> Fuel Card | P330: =IFERROR(INDEX(T_CleanCustomers[Customer_Segment],MATCH(B330,T_CleanCustomers[Customer_ID],0)),"Unmatched") -> Enterprise
A331: TXN0000330 | B331: CUST00036 | C331: =TRUE() -> TRUE | D331: 45910 | E331: 45901 | F331: Fuel | G331: 16759.1 | H331: 0 | I331: =TRUE() -> TRUE | J331: Cancelled | K331: 0 | L331: Czech Republic | M331: =IFERROR(INDEX(T_CleanCustomers[Sales_Rep_ID],MATCH(B331,T_CleanCustomers[Customer_ID],0)),"Unmatched") -> REP011 | N331: =IFERROR(INDEX(T_CleanCustomers[Channel],MATCH(B331,T_CleanCustomers[Customer_ID],0)),"Unmatched") -> Referral | O331: =IFERROR(INDEX(T_CleanCustomers[Product],MATCH(B331,T_CleanCustomers[Customer_ID],0)),"Unmatched") -> Fuel Card | P331: =IFERROR(INDEX(T_CleanCustomers[Customer_Segment],MATCH(B331,T_CleanCustomers[Customer_ID],0)),"Unmatched") -> Enterprise
A332: TXN0000331 | B332: CUST00036 | C332: =TRUE() -> TRUE | D332: 45922 | E332: 45901 | F332: Fuel | G332: 59801.66 | H332: 1308.7 | I332: =TRUE() -> TRUE | J332: Completed | K332: 1308.7 | L332: Czech Republic | M332: =IFERROR(INDEX(T_CleanCustomers[Sales_Rep_ID],MATCH(B332,T_CleanCustomers[Customer_ID],0)),"Unmatched") -> REP011 | N332: =IFERROR(INDEX(T_CleanCustomers[Channel],MATCH(B332,T_CleanCustomers[Customer_ID],0)),"Unmatched") -> Referral | O332: =IFERROR(INDEX(T_CleanCustomers[Product],MATCH(B332,T_CleanCustomers[Customer_ID],0)),"Unmatched") -> Fuel Card | P332: =IFERROR(INDEX(T_CleanCustomers[Customer_Segment],MATCH(B332,T_CleanCustomers[Customer_ID],0)),"Unmatched") -> Enterprise
A333: TXN0000332 | B333: CUST00036 | C333: =TRUE() -> TRUE | D333: 45944 | E333: 45931 | F333: Fuel | G333: 31970.14 | H333: 882.25 | I333: =TRUE() -> TRUE | J333: Completed | K333: 882.25 | L333: Czech Republic | M333: =IFERROR(INDEX(T_CleanCustomers[Sales_Rep_ID],MATCH(B333,T_CleanCustomers[Customer_ID],0)),"Unmatched") -> REP011 | N333: =IFERROR(INDEX(T_CleanCustomers[Channel],MATCH(B333,T_CleanCustomers[Customer_ID],0)),"Unmatched") -> Referral | O333: =IFERROR(INDEX(T_CleanCustomers[Product],MATCH(B333,T_CleanCustomers[Customer_ID],0)),"Unmatched") -> Fuel Card | P333: =IFERROR(INDEX(T_CleanCustomers[Customer_Segment],MATCH(B333,T_CleanCustomers[Customer_ID],0)),"Unmatched") -> Enterprise
A334: TXN0000333 | B334: CUST00036 | C334: =TRUE() -> TRUE | D334: 45952 | E334: 45931 | F334: Fuel | G334: 21090.77 | H334: 466.76 | I334: =TRUE() -> TRUE | J334: Completed | K334: 466.76 | L334: Czech Republic | M334: =IFERROR(INDEX(T_CleanCustomers[Sales_Rep_ID],MATCH(B334,T_CleanCustomers[Customer_ID],0)),"Unmatched") -> REP011 | N334: =IFERROR(INDEX(T_CleanCustomers[Channel],MATCH(B334,T_CleanCustomers[Customer_ID],0)),"Unmatched") -> Referral | O334: =IFERROR(INDEX(T_CleanCustomers[Product],MATCH(B334,T_CleanCustomers[Customer_ID],0)),"Unmatched") -> Fuel Card | P334: =IFERROR(INDEX(T_CleanCustomers[Customer_Segment],MATCH(B334,T_CleanCustomers[Customer_ID],0)),"Unmatched") -> Enterprise
A335: TXN0000334 | B335: CUST00036 | C335: =TRUE() -> TRUE | D335: 45943 | E335: 45931 | F335: Fuel | G335: 42413.4 | H335: 942.96 | I335: =TRUE() -> TRUE | J335: Completed | K335: 942.96 | L335: Czech Republic | M335: =IFERROR(INDEX(T_CleanCustomers[Sales_Rep_ID],MATCH(B335,T_CleanCustomers[Customer_ID],0)),"Unmatched") -> REP011 | N335: =IFERROR(INDEX(T_CleanCustomers[Channel],MATCH(B335,T_CleanCustomers[Customer_ID],0)),"Unmatched") -> Referral | O335: =IFERROR(INDEX(T_CleanCustomers[Product],MATCH(B335,T_CleanCustomers[Customer_ID],0)),"Unmatched") -> Fuel Card | P335: =IFERROR(INDEX(T_CleanCustomers[Customer_Segment],MATCH(B335,T_CleanCustomers[Customer_ID],0)),"Unmatched") -> Enterprise
... A478: TXN0000477 | B478: CUST00060 | C478: =TRUE() -> TRUE | D478: 45894 | E478: 45870 | F478: EV Charging | G478: 1744.96 | H478: 55.44 | I478: =TRUE() -> TRUE | J478: Completed | K478: 55.44 | L478: Germany | M478: =IFERROR(INDEX(T_CleanCustomers[Sales_Rep_ID],MATCH(B478,T_CleanCustomers[Customer_ID],0)),"Unmatched") -> REP003 | N478: =IFERROR(INDEX(T_CleanCustomers[Channel],MATCH(B478,T_CleanCustomers[Customer_ID],0)),"Unmatched") -> Direct Sales | O478: =IFERROR(INDEX(T_CleanCustomers[Product],MATCH(B478,T_CleanCustomers[Customer_ID],0)),"Unmatched") -> EV Charge Card | P478: =IFERROR(INDEX(T_CleanCustomers[Customer_Segment],MATCH(B478,T_CleanCustomers[Customer_ID],0)),"Unmatched") -> SME
A479: TXN0000478 | B479: CUST99999 | C479: =FALSE() -> FALSE | D479: 45889 | E479: 45870 | F479: EV Charging | G479: 1338.5 | H479: 44.92 | I479: =TRUE() -> TRUE | J479: Completed | K479: 0 | L479: Germany | M479: =IFERROR(INDEX(T_CleanCustomers[Sales_Rep_ID],MATCH(B479,T_CleanCustomers[Customer_ID],0)),"Unmatched") -> Unmatched | N479: =IFERROR(INDEX(T_CleanCustomers[Channel],MATCH(B479,T_CleanCustomers[Customer_ID],0)),"Unmatched") -> Unmatched | O479: =IFERROR(INDEX(T_CleanCustomers[Product],MATCH(B479,T_CleanCustomers[Customer_ID],0)),"Unmatched") -> Unmatched | P479: =IFERROR(INDEX(T_CleanCustomers[Customer_Segment],MATCH(B479,T_CleanCustomers[Customer_ID],0)),"Unmatched") -> Unmatched
A480: TXN0000479 | B480: CUST00060 | C480: =TRUE() -> TRUE | D480: 45904 | E480: 45901 | F480: EV Charging | G480: 3492.8 | H480: 123.78 | I480: =TRUE() -> TRUE | J480: Completed | K480: 123.78 | L480: Germany | M480: =IFERROR(INDEX(T_CleanCustomers[Sales_Rep_ID],MATCH(B480,T_CleanCustomers[Customer_ID],0)),"Unmatched") -> REP003 | N480: =IFERROR(INDEX(T_CleanCustomers[Channel],MATCH(B480,T_CleanCustomers[Customer_ID],0)),"Unmatched") -> Direct Sales | O480: =IFERROR(INDEX(T_CleanCustomers[Product],MATCH(B480,T_CleanCustomers[Customer_ID],0)),"Unmatched") -> EV Charge Card | P480: =IFERROR(INDEX(T_CleanCustomers[Customer_Segment],MATCH(B480,T_CleanCustomers[Customer_ID],0)),"Unmatched") -> SME
A481: TXN0000480 | B481: CUST00060 | C481: =TRUE() -> TRUE | D481: 45907 | E481: 45901 | F481: EV Charging | G481: 3067.08 | H481: 0 | I481: =TRUE() -> TRUE | J481: Cancelled | K481: 0 | L481: Germany | M481: =IFERROR(INDEX(T_CleanCustomers[Sales_Rep_ID],MATCH(B481,T_CleanCustomers[Customer_ID],0)),"Unmatched") -> REP003 | N481: =IFERROR(INDEX(T_CleanCustomers[Channel],MATCH(B481,T_CleanCustomers[Customer_ID],0)),"Unmatched") -> Direct Sales | O481: =IFERROR(INDEX(T_CleanCustomers[Product],MATCH(B481,T_CleanCustomers[Customer_ID],0)),"Unmatched") -> EV Charge Card | P481: =IFERROR(INDEX(T_CleanCustomers[Customer_Segment],MATCH(B481,T_CleanCustomers[Customer_ID],0)),"Unmatched") -> SME
A482: TXN0000481 | B482: CUST00060 | C482: =TRUE() -> TRUE | D482: 45909 | E482: 45901 | F482: EV Charging | G482: 5202.84 | H482: 145.09 | I482: =TRUE() -> TRUE | J482: Completed | K482: 145.09 | L482: Germany | M482: =IFERROR(INDEX(T_CleanCustomers[Sales_Rep_ID],MATCH(B482,T_CleanCustomers[Customer_ID],0)),"Unmatched") -> REP003 | N482: =IFERROR(INDEX(T_CleanCustomers[Channel],MATCH(B482,T_CleanCustomers[Customer_ID],0)),"Unmatched") -> Direct Sales | O482: =IFERROR(INDEX(T_CleanCustomers[Product],MATCH(B482,T_CleanCustomers[Customer_ID],0)),"Unmatched") -> EV Charge Card | P482: =IFERROR(INDEX(T_CleanCustomers[Customer_Segment],MATCH(B482,T_CleanCustomers[Customer_ID],0)),"Unmatched") -> SME
A483: TXN0000482 | B483: CUST00060 | C483: =TRUE() -> TRUE | D483: 45932 | E483: 45931 | F483: EV Charging | G483: 1999.62 | H483: 67.27 | I483: =TRUE() -> TRUE | J483: Completed | K483: 67.27 | L483: Germany | M483: =IFERROR(INDEX(T_CleanCustomers[Sales_Rep_ID],MATCH(B483,T_CleanCustomers[Customer_ID],0)),"Unmatched") -> REP003 | N483: =IFERROR(INDEX(T_CleanCustomers[Channel],MATCH(B483,T_CleanCustomers[Customer_ID],0)),"Unmatched") -> Direct Sales | O483: =IFERROR(INDEX(T_CleanCustomers[Product],MATCH(B483,T_CleanCustomers[Customer_ID],0)),"Unmatched") -> EV Charge Card | P483: =IFERROR(INDEX(T_CleanCustomers[Customer_Segment],MATCH(B483,T_CleanCustomers[Customer_ID],0)),"Unmatched") -> SME
A484: TXN0000483 | B484: CUST00060 | C484: =TRUE() -> TRUE | D484: 45954 | E484: 45931 | F484: EV Charging | G484: 2713.91 | H484: 93.48 | I484: =TRUE() -> TRUE | J484: Completed | K484: 93.48 | L484: Germany | M484: =IFERROR(INDEX(T_CleanCustomers[Sales_Rep_ID],MATCH(B484,T_CleanCustomers[Customer_ID],0)),"Unmatched") -> REP003 | N484: =IFERROR(INDEX(T_CleanCustomers[Channel],MATCH(B484,T_CleanCustomers[Customer_ID],0)),"Unmatched") -> Direct Sales | O484: =IFERROR(INDEX(T_CleanCustomers[Product],MATCH(B484,T_CleanCustomers[Customer_ID],0)),"Unmatched") -> EV Charge Card | P484: =IFERROR(INDEX(T_CleanCustomers[Customer_Segment],MATCH(B484,T_CleanCustomers[Customer_ID],0)),"Unmatched") -> SME
A485: TXN0000484 | B485: CUST00060 | C485: =TRUE() -> TRUE | D485: 45970 | E485: 45962 | F485: EV Charging | G485: 2066.02 | H485: 72.87 | I485: =TRUE() -> TRUE | J485: Completed | K485: 72.87 | L485: Germany | M485: =IFERROR(INDEX(T_CleanCustomers[Sales_Rep_ID],MATCH(B485,T_CleanCustomers[Customer_ID],0)),"Unmatched") -> REP003 | N485: =IFERROR(INDEX(T_CleanCustomers[Channel],MATCH(B485,T_CleanCustomers[Customer_ID],0)),"Unmatched") -> Direct Sales | O485: =IFERROR(INDEX(T_CleanCustomers[Product],MATCH(B485,T_CleanCustomers[Customer_ID],0)),"Unmatched") -> EV Charge Card | P485: =IFERROR(INDEX(T_CleanCustomers[Customer_Segment],MATCH(B485,T_CleanCustomers[Customer_ID],0)),"Unmatched") -> SME
A486: TXN0000485 | B486: CUST00060 | C486: =TRUE() -> TRUE | D486: 45986 | E486: 45962 | F486: EV Charging | G486: 5190.61 | H486: 155.1 | I486: =TRUE() -> TRUE | J486: Completed | K486: 155.1 | L486: Germany | M486: =IFERROR(INDEX(T_CleanCustomers[Sales_Rep_ID],MATCH(B486,T_CleanCustomers[Customer_ID],0)),"Unmatched") -> REP003 | N486: =IFERROR(INDEX(T_CleanCustomers[Channel],MATCH(B486,T_CleanCustomers[Customer_ID],0)),"Unmatched") -> Direct Sales | O486: =IFERROR(INDEX(T_CleanCustomers[Product],MATCH(B486,T_CleanCustomers[Customer_ID],0)),"Unmatched") -> EV Charge Card | P486: =IFERROR(INDEX(T_CleanCustomers[Customer_Segment],MATCH(B486,T_CleanCustomers[Customer_ID],0)),"Unmatched") -> SME
A487: TXN0000486 | B487: CUST00060 | C487: =TRUE() -> TRUE | D487: 46019 | E487: 45992 | F487: EV Charging | G487: 3146.63 | H487: 84.1 | I487: =TRUE() -> TRUE | J487: Completed | K487: 84.1 | L487: Germany | M487: =IFERROR(INDEX(T_CleanCustomers[Sales_Rep_ID],MATCH(B487,T_CleanCustomers[Customer_ID],0)),"Unmatched") -> REP003 | N487: =IFERROR(INDEX(T_CleanCustomers[Channel],MATCH(B487,T_CleanCustomers[Customer_ID],0)),"Unmatched") -> Direct Sales | O487: =IFERROR(INDEX(T_CleanCustomers[Product],MATCH(B487,T_CleanCustomers[Customer_ID],0)),"Unmatched") -> EV Charge Card | P487: =IFERROR(INDEX(T_CleanCustomers[Customer_Segment],MATCH(B487,T_CleanCustomers[Customer_ID],0)),"Unmatched") -> SME
A488: TXN0000487 | B488: CUST00060 | C488: =TRUE() -> TRUE | D488: 46004 | E488: 45992 | F488: EV Charging | G488: 4240.31 | H488: 134.71 | I488: =TRUE() -> TRUE | J488: Completed | K488: 134.71 | L488: Germany | M488: =IFERROR(INDEX(T_CleanCustomers[Sales_Rep_ID],MATCH(B488,T_CleanCustomers[Customer_ID],0)),"Unmatched") -> REP003 | N488: =IFERROR(INDEX(T_CleanCustomers[Channel],MATCH(B488,T_CleanCustomers[Customer_ID],0)),"Unmatched") -> Direct Sales | O488: =IFERROR(INDEX(T_CleanCustomers[Product],MATCH(B488,T_CleanCustomers[Customer_ID],0)),"Unmatched") -> EV Charge Card | P488: =IFERROR(INDEX(T_CleanCustomers[Customer_Segment],MATCH(B488,T_CleanCustomers[Customer_ID],0)),"Unmatched") -> SME
A489: TXN0000488 | B489: CUST00061 | C489: =TRUE() -> TRUE | D489: 45990 | E489: 45962 | F489: EV Charging | G489: 11010.89 | H489: 346.52 | I489: =TRUE() -> TRUE | J489: Completed | K489: 346.52 | L489: Netherlands | M489: =IFERROR(INDEX(T_CleanCustomers[Sales_Rep_ID],MATCH(B489,T_CleanCustomers[Customer_ID],0)),"Unmatched") -> REP007 | N489: =IFERROR(INDEX(T_CleanCustomers[Channel],MATCH(B489,T_CleanCustomers[Customer_ID],0)),"Unmatched") -> Direct Sales | O489: =IFERROR(INDEX(T_CleanCustomers[Product],MATCH(B489,T_CleanCustomers[Customer_ID],0)),"Unmatched") -> EV Charge Card | P489: =IFERROR(INDEX(T_CleanCustomers[Customer_Segment],MATCH(B489,T_CleanCustomers[Customer_ID],0)),"Unmatched") -> Mid-Market
A490: TXN0000489 | B490: CUST00061 | C490: =TRUE() -> TRUE | D490: 45990 | E490: 45962 | F490: EV Charging | G490: 4637.42 | H490: 161.34 | I490: =TRUE() -> TRUE | J490: Completed | K490: 161.34 | L490: Netherlands | M490: =IFERROR(INDEX(T_CleanCustomers[Sales_Rep_ID],MATCH(B490,T_CleanCustomers[Customer_ID],0)),"Unmatched") -> REP007 | N490: =IFERROR(INDEX(T_CleanCustomers[Channel],MATCH(B490,T_CleanCustomers[Customer_ID],0)),"Unmatched") -> Direct Sales | O490: =IFERROR(INDEX(T_CleanCustomers[Product],MATCH(B490,T_CleanCustomers[Customer_ID],0)),"Unmatched") -> EV Charge Card | P490: =IFERROR(INDEX(T_CleanCustomers[Customer_Segment],MATCH(B490,T_CleanCustomers[Customer_ID],0)),"Unmatched") -> Mid-Market
A491: TXN0000490 | B491: CUST00061 | C491: =TRUE() -> TRUE | D491: 46003 | E491: 45992 | F491: EV Charging | G491: 8186.35 | H491: 219.11 | I491: =TRUE() -> TRUE | J491: Completed | K491: 219.11 | L491: Netherlands | M491: =IFERROR(INDEX(T_CleanCustomers[Sales_Rep_ID],MATCH(B491,T_CleanCustomers[Customer_ID],0)),"Unmatched") -> REP007 | N491: =IFERROR(INDEX(T_CleanCustomers[Channel],MATCH(B491,T_CleanCustomers[Customer_ID],0)),"Unmatched") -> Direct Sales | O491: =IFERROR(INDEX(T_CleanCustomers[Product],MATCH(B491,T_CleanCustomers[Customer_ID],0)),"Unmatched") -> EV Charge Card | P491: =IFERROR(INDEX(T_CleanCustomers[Customer_Segment],MATCH(B491,T_CleanCustomers[Customer_ID],0)),"Unmatched") -> Mid-Market
... A580: TXN0000579 | B580: CUST00072 | C580: =TRUE() -> TRUE | D580: 45961 | E580: 45931 | F580: Toll | G580: 2394.92 | H580: 41.35 | I580: =TRUE() -> TRUE | J580: Completed | K580: 41.35 | L580: Germany | M580: =IFERROR(INDEX(T_CleanCustomers[Sales_Rep_ID],MATCH(B580,T_CleanCustomers[Customer_ID],0)),"Unmatched") -> REP002 | N580: =IFERROR(INDEX(T_CleanCustomers[Channel],MATCH(B580,T_CleanCustomers[Customer_ID],0)),"Unmatched") -> Digital | O580: =IFERROR(INDEX(T_CleanCustomers[Product],MATCH(B580,T_CleanCustomers[Customer_ID],0)),"Unmatched") -> Toll Solution | P580: =IFERROR(INDEX(T_CleanCustomers[Customer_Segment],MATCH(B580,T_CleanCustomers[Customer_ID],0)),"Unmatched") -> SME
A581: TXN0000580 | B581: CUST00072 | C581: =TRUE() -> TRUE | D581: 45991 | E581: 45962 | F581: Toll | G581: 5098.3 | H581: -90.82 | I581: =FALSE() -> FALSE | J581: Completed | K581: 0 | L581: Germany | M581: =IFERROR(INDEX(T_CleanCustomers[Sales_Rep_ID],MATCH(B581,T_CleanCustomers[Customer_ID],0)),"Unmatched") -> REP002 | N581: =IFERROR(INDEX(T_CleanCustomers[Channel],MATCH(B581,T_CleanCustomers[Customer_ID],0)),"Unmatched") -> Digital | O581: =IFERROR(INDEX(T_CleanCustomers[Product],MATCH(B581,T_CleanCustomers[Customer_ID],0)),"Unmatched") -> Toll Solution | P581: =IFERROR(INDEX(T_CleanCustomers[Customer_Segment],MATCH(B581,T_CleanCustomers[Customer_ID],0)),"Unmatched") -> SME
A582: TXN0000581 | B582: CUST00072 | C582: =TRUE() -> TRUE | D582: 45970 | E582: 45962 | F582: Toll | G582: 2565.32 | H582: 51.36 | I582: =TRUE() -> TRUE | J582: Completed | K582: 51.36 | L582: Germany | M582: =IFERROR(INDEX(T_CleanCustomers[Sales_Rep_ID],MATCH(B582,T_CleanCustomers[Customer_ID],0)),"Unmatched") -> REP002 | N582: =IFERROR(INDEX(T_CleanCustomers[Channel],MATCH(B582,T_CleanCustomers[Customer_ID],0)),"Unmatched") -> Digital | O582: =IFERROR(INDEX(T_CleanCustomers[Product],MATCH(B582,T_CleanCustomers[Customer_ID],0)),"Unmatched") -> Toll Solution | P582: =IFERROR(INDEX(T_CleanCustomers[Customer_Segment],MATCH(B582,T_CleanCustomers[Customer_ID],0)),"Unmatched") -> SME
A583: TXN0000582 | B583: CUST00072 | C583: =TRUE() -> TRUE | D583: 46001 | E583: 45992 | F583: Toll | G583: 4418.65 | H583: 0 | I583: =TRUE() -> TRUE | J583: Cancelled | K583: 0 | L583: Germany | M583: =IFERROR(INDEX(T_CleanCustomers[Sales_Rep_ID],MATCH(B583,T_CleanCustomers[Customer_ID],0)),"Unmatched") -> REP002 | N583: =IFERROR(INDEX(T_CleanCustomers[Channel],MATCH(B583,T_CleanCustomers[Customer_ID],0)),"Unmatched") -> Digital | O583: =IFERROR(INDEX(T_CleanCustomers[Product],MATCH(B583,T_CleanCustomers[Customer_ID],0)),"Unmatched") -> Toll Solution | P583: =IFERROR(INDEX(T_CleanCustomers[Customer_Segment],MATCH(B583,T_CleanCustomers[Customer_ID],0)),"Unmatched") -> SME
A584: TXN0000583 | B584: CUST00072 | C584: =TRUE() -> TRUE | D584: 45996 | E584: 45992 | F584: Toll | G584: 1849.6 | H584: 33.44 | I584: =TRUE() -> TRUE | J584: Completed | K584: 33.44 | L584: Germany | M584: =IFERROR(INDEX(T_CleanCustomers[Sales_Rep_ID],MATCH(B584,T_CleanCustomers[Customer_ID],0)),"Unmatched") -> REP002 | N584: =IFERROR(INDEX(T_CleanCustomers[Channel],MATCH(B584,T_CleanCustomers[Customer_ID],0)),"Unmatched") -> Digital | O584: =IFERROR(INDEX(T_CleanCustomers[Product],MATCH(B584,T_CleanCustomers[Customer_ID],0)),"Unmatched") -> Toll Solution | P584: =IFERROR(INDEX(T_CleanCustomers[Customer_Segment],MATCH(B584,T_CleanCustomers[Customer_ID],0)),"Unmatched") -> SME
A585: TXN0000584 | B585: CUST00074 | C585: =TRUE() -> TRUE | D585: 45808 | E585: 45778 | F585: Toll | G585: 56225.65 | H585: 984.19 | I585: =TRUE() -> TRUE | J585: Completed | K585: 984.19 | L585: Germany | M585: =IFERROR(INDEX(T_CleanCustomers[Sales_Rep_ID],MATCH(B585,T_CleanCustomers[Customer_ID],0)),"Unmatched") -> REP002 | N585: =IFERROR(INDEX(T_CleanCustomers[Channel],MATCH(B585,T_CleanCustomers[Customer_ID],0)),"Unmatched") -> Digital | O585: =IFERROR(INDEX(T_CleanCustomers[Product],MATCH(B585,T_CleanCustomers[Customer_ID],0)),"Unmatched") -> Toll Solution | P585: =IFERROR(INDEX(T_CleanCustomers[Customer_Segment],MATCH(B585,T_CleanCustomers[Customer_ID],0)),"Unmatched") -> Enterprise
...

Sheet Pivot
A3: Lead_Status | B3: Leads | D3: Leads | E3: Lead_Status | J3: Leads | K3: Lead_Status | R3: Market | S3: Leads | T3: Pipeline EUR | V3: Leads | W3: Qualified | X3: Opportunities | Y3: Wins
A4: Lost | B4: 707 | D4: Created_Month | E4: Lost | F4: New | G4: Opportunity | H4: Qualified | I4: Won | J4: Channel | K4: Lost | L4: New | M4: Opportunity | N4: Qualified | O4: Won | R4: Czech Republic | S4: 115 | T4: 261045.95 | V4: 1000 | W4: 702 | X4: 531 | Y4: 220
A5: New | B5: 25 | D5: 45658 | E5: 50 | I5: 18 | J5: Digital | K5: 192 | L5: 9 | M5: 5 | N5: 4 | O5: 22 | R5: France | S5: 181 | T5: 398977.78
A6: Opportunity | B6: 29 | D6: 45689 | E6: 60 | I6: 16 | J6: Direct Sales | K6: 164 | L6: 3 | M6: 8 | N6: 3 | O6: 92 | R6: Germany | S6: 286 | T6: 691633.16
A7: Qualified | B7: 19 | D7: 45717 | E7: 61 | I7: 22 | J7: Partner | K7: 152 | L7: 5 | M7: 8 | N7: 4 | O7: 44 | R7: Netherlands | S7: 164 | T7: 368682.84
A8: Won | B8: 220 | D8: 45748 | E8: 63 | I8: 14 | J8: Referral | K8: 65 | L8: 1 | M8: 5 | N8: 3 | O8: 34 | R8: United Kingdom | S8: 254 | T8: 533231.85
D9: 45778 | E9: 69 | I9: 23 | J9: Telesales | K9: 129 | L9: 6 | M9: 3 | N9: 5 | O9: 24
D10: 45809 | E10: 71 | I10: 15 | J10: Unknown | K10: 5 | L10: 1 | O10: 4
D11: 45839 | E11: 72 | I11: 16
D12: 45870 | E12: 70 | I12: 18
D13: 45901 | E13: 64 | I13: 18
D14: 45931 | E14: 62 | I14: 18
D15: 45962 | E15: 56 | H15: 3 | I15: 23
D16: 45992 | E16: 9 | F16: 25 | G16: 29 | H16: 16 | I16: 19
A30: Leads | B30: Lead_Status | J30: Customer_Segment | K30: Customers | L30: Activated | M30: AvgDays | P30: Customers | Q30: Customer_Status_Clean | V30: Customers | W30: Activated | X30: Churned | Y30: AvgDays
A31: Sales_Rep_ID | B31: Lost | C31: New | D31: Opportunity | E31: Qualified | F31: Won | J31: Enterprise | K31: 33 | L31: 32 | M31: 27.064516 | P31: Market | Q31: Active | R31: Churned | S31: Not Activated | T31: Not Activated (data issue) | V31: 220 | W31: 174 | X31: 13 | Y31: 25.05848
A32: REP001 | B32: 66 | C32: 3 | D32: 6 | E32: 3 | F32: 14 | J32: Mid-Market | K32: 64 | L32: 49 | M32: 25.666667 | P32: Czech Republic | Q32: 22 | R32: 3 | S32: 3
A33: REP002 | B33: 58 | C33: 4 | D33: 5 | E33: 1 | F33: 19 | J33: SME | K33: 115 | L33: 87 | M33: 24.988372 | P33: France | Q33: 34 | R33: 2 | S33: 3
A34: REP003 | B34: 77 | C34: 1 | D34: 1 | E34: 1 | F34: 26 | J34: Unclassified | K34: 8 | L34: 6 | M34: 10.833333 | P34: Germany | Q34: 35 | R34: 2 | S34: 20 | T34: 2
A35: REP004 | B35: 71 | C35: 1 | E35: 2 | F35: 12 | P35: Netherlands | Q35: 28 | R35: 6 | S35: 7
A36: REP005 | B36: 55 | C36: 3 | D36: 1 | E36: 3 | F36: 17 | P36: United Kingdom | Q36: 39 | R36: 3 | S36: 8 | T36: 3
A37: REP006 | B37: 59 | C37: 2 | D37: 2 | F37: 24
A38: REP007 | B38: 29 | C38: 2 | D38: 3 | E38: 1 | F38: 10
A39: REP008 | B39: 42 | D39: 4 | E39: 1 | F39: 14
A40: REP009 | B40: 40 | C40: 1 | F40: 16
A41: REP010 | B41: 20 | C41: 1 | D41: 1 | F41: 7
A42: REP011 | B42: 37 | C42: 1 | D42: 1 | E42: 1 | F42: 8
A43: REP012 | B43: 23 | C43: 1 | D43: 1 | F43: 13
A44: REP013 | B44: 43 | C44: 1 | E44: 1 | F44: 9
A45: REP014 | B45: 41 | C45: 2 | D45: 3 | E45: 1 | F45: 13
A46: REP015 | B46: 41 | C46: 2 | D46: 1 | E46: 4 | F46: 17
A47: REP999 | B47: 5 | F47: 1
A56: Transaction_Month | B56: Revenue | C56: Txns | F56: Channel_via_Customer | G56: Revenue | K56: Revenue | L56: Txns
A57: 45689 | B57: 5118.04 | C57: 13 | F57: Digital | G57: 54033.69 | K57: 507744.95 | L57: 1609
A58: 45717 | B58: 13574.55 | C58: 36 | F58: Direct Sales | G58: 190040.03
A59: 45748 | B59: 23741.43 | C59: 64 | F59: Partner | G59: 127442.08
A60: 45778 | B60: 32383.38 | C60: 91 | F60: Referral | G60: 81776.87
A61: 45809 | B61: 42829.8 | C61: 117 | F61: Telesales | G61: 54452.28
A62: 45839 | B62: 60369.83 | C62: 163 | F62: Unmatched | G62: 0
A63: 45870 | B63: 55415.95 | C63: 182
A64: 45901 | B64: 65443.06 | C64: 214
A65: 45931 | B65: 62657.36 | C65: 212
A66: 45962 | B66: 68212.31 | C66: 241
A67: 45992 | B67: 77999.24 | C67: 276
A80: Stage | B80: Leads | D80: Channel | E80: Leads | G80: Channel | H80: Revenue (EUR) | J80: Segment | K80: Avg Days to Activation | M80: Month | N80: Actual Revenue | O80: Revenue Target | P80: Attainment | R80: Channel | S80: Leads | T80: Win Rate | U80: Won | X80: Market | Y80: Activated | Z80: Churned | AA80: Churn Rate
A81: Leads (all) | B81: =IFERROR(GETPIVOTDATA("Leads",Pivot!$V$3),0) -> 1000 | D81: Digital | E81: =IFERROR(GETPIVOTDATA("Leads",Pivot!$J$3,"Channel",D81),COUNTIFS(T_CleanLeads[Channel],D81)) -> 232 | G81: Digital | H81: =IFERROR(GETPIVOTDATA("Revenue",Pivot!$F$56,"Channel_via_Customer",G81),SUMIFS(T_CleanTxns[Revenue_Usable],T_CleanTxns[Channel_via_Customer],G81)) -> 54033.69 | J81: Enterprise | K81: =IFERROR(GETPIVOTDATA("AvgDays",Pivot!$J$30,"Customer_Segment",J81),0) -> 27.064516 | M81: =MIN(TargetsTable[Month]) -> 45658 | N81: =IFERROR(GETPIVOTDATA("Revenue",Pivot!$A$56,"Transaction_Month",M81),SUMIFS(T_CleanTxns[Revenue_Usable],T_CleanTxns[Transaction_Month],M81)) -> 0 | O81: =SUMIFS(TargetsTable[Revenue_Target_EUR],TargetsTable[Month],M81) -> 1062000 | P81: =IFERROR(N81/O81,0) -> 0 | R81: Digital | S81: =IFERROR(GETPIVOTDATA("Leads",Pivot!$J$3,"Channel",R81),COUNTIFS(T_CleanLeads[Channel],R81)) -> 232 | T81: =IFERROR(U81/S81,0) -> 0.094827586 | U81: =IFERROR(GETPIVOTDATA("Leads",Pivot!$J$3,"Channel",R81,"Lead_Status","Won"),COUNTIFS(T_CleanLeads[Channel],R81,T_CleanLeads[Lead_Status],"Won")) -> 22 | X81: Czech Republic | Y81: =COUNTIFS(T_CleanCustomers[Market],X81,T_CleanCustomers[Activated_Flag],TRUE) -> 25 | Z81: =COUNTIFS(T_CleanCustomers[Market],X81,T_CleanCustomers[Activated_Flag],TRUE,T_CleanCustomers[Customer_Status_Clean],"Churned") -> 3 | AA81: =IFERROR(Z81/Y81,0) -> 0.12
A82: Qualified | B82: =IFERROR(GETPIVOTDATA("Qualified",Pivot!$V$3),0) -> 702 | D82: Direct Sales | E82: =IFERROR(GETPIVOTDATA("Leads",Pivot!$J$3,"Channel",D82),COUNTIFS(T_CleanLeads[Channel],D82)) -> 270 | G82: Direct Sales | H82: =IFERROR(GETPIVOTDATA("Revenue",Pivot!$F$56,"Channel_via_Customer",G82),SUMIFS(T_CleanTxns[Revenue_Usable],T_CleanTxns[Channel_via_Customer],G82)) -> 190040.03 | J82: Mid-Market | K82: =IFERROR(GETPIVOTDATA("AvgDays",Pivot!$J$30,"Customer_Segment",J82),0) -> 25.666667 | M82: =EDATE(M81,1) -> 45689 | N82: =IFERROR(GETPIVOTDATA("Revenue",Pivot!$A$56,"Transaction_Month",M82),SUMIFS(T_CleanTxns[Revenue_Usable],T_CleanTxns[Transaction_Month],M82)) -> 5118.04 | O82: =SUMIFS(TargetsTable[Revenue_Target_EUR],TargetsTable[Month],M82) -> 1062000 | P82: =IFERROR(N82/O82,0) -> 0.0048192467 | R82: Direct Sales | S82: =IFERROR(GETPIVOTDATA("Leads",Pivot!$J$3,"Channel",R82),COUNTIFS(T_CleanLeads[Channel],R82)) -> 270 | T82: =IFERROR(U82/S82,0) -> 0.34074074 | U82: =IFERROR(GETPIVOTDATA("Leads",Pivot!$J$3,"Channel",R82,"Lead_Status","Won"),COUNTIFS(T_CleanLeads[Channel],R82,T_CleanLeads[Lead_Status],"Won")) -> 92 | X82: France | Y82: =COUNTIFS(T_CleanCustomers[Market],X82,T_CleanCustomers[Activated_Flag],TRUE) -> 35 | Z82: =COUNTIFS(T_CleanCustomers[Market],X82,T_CleanCustomers[Activated_Flag],TRUE,T_CleanCustomers[Customer_Status_Clean],"Churned") -> 2 | AA82: =IFERROR(Z82/Y82,0) -> 0.057142857
A83: Opportunity | B83: =IFERROR(GETPIVOTDATA("Opportunities",Pivot!$V$3),0) -> 531 | D83: Partner | E83: =IFERROR(GETPIVOTDATA("Leads",Pivot!$J$3,"Channel",D83),COUNTIFS(T_CleanLeads[Channel],D83)) -> 213 | G83: Partner | H83: =IFERROR(GETPIVOTDATA("Revenue",Pivot!$F$56,"Channel_via_Customer",G83),SUMIFS(T_CleanTxns[Revenue_Usable],T_CleanTxns[Channel_via_Customer],G83)) -> 127442.08 | J83: SME | K83: =IFERROR(GETPIVOTDATA("AvgDays",Pivot!$J$30,"Customer_Segment",J83),0) -> 24.988372 | M83: =EDATE(M82,1) -> 45717 | N83: =IFERROR(GETPIVOTDATA("Revenue",Pivot!$A$56,"Transaction_Month",M83),SUMIFS(T_CleanTxns[Revenue_Usable],T_CleanTxns[Transaction_Month],M83)) -> 13574.55 | O83: =SUMIFS(TargetsTable[Revenue_Target_EUR],TargetsTable[Month],M83) -> 1180000 | P83: =IFERROR(N83/O83,0) -> 0.011503856 | R83: Partner | S83: =IFERROR(GETPIVOTDATA("Leads",Pivot!$J$3,"Channel",R83),COUNTIFS(T_CleanLeads[Channel],R83)) -> 213 | T83: =IFERROR(U83/S83,0) -> 0.20657277 | U83: =IFERROR(GETPIVOTDATA("Leads",Pivot!$J$3,"Channel",R83,"Lead_Status","Won"),COUNTIFS(T_CleanLeads[Channel],R83,T_CleanLeads[Lead_Status],"Won")) -> 44 | X83: Germany | Y83: =COUNTIFS(T_CleanCustomers[Market],X83,T_CleanCustomers[Activated_Flag],TRUE) -> 37 | Z83: =COUNTIFS(T_CleanCustomers[Market],X83,T_CleanCustomers[Activated_Flag],TRUE,T_CleanCustomers[Customer_Status_Clean],"Churned") -> 2 | AA83: =IFERROR(Z83/Y83,0) -> 0.054054054
A84: Won | B84: =IFERROR(GETPIVOTDATA("Wins",Pivot!$V$3),0) -> 220 | D84: Referral | E84: =IFERROR(GETPIVOTDATA("Leads",Pivot!$J$3,"Channel",D84),COUNTIFS(T_CleanLeads[Channel],D84)) -> 108 | G84: Referral | H84: =IFERROR(GETPIVOTDATA("Revenue",Pivot!$F$56,"Channel_via_Customer",G84),SUMIFS(T_CleanTxns[Revenue_Usable],T_CleanTxns[Channel_via_Customer],G84)) -> 81776.87 | J84: Unclassified | K84: =IFERROR(GETPIVOTDATA("AvgDays",Pivot!$J$30,"Customer_Segment",J84),0) -> 10.833333 | M84: =EDATE(M83,1) -> 45748 | N84: =IFERROR(GETPIVOTDATA("Revenue",Pivot!$A$56,"Transaction_Month",M84),SUMIFS(T_CleanTxns[Revenue_Usable],T_CleanTxns[Transaction_Month],M84)) -> 23741.43 | O84: =SUMIFS(TargetsTable[Revenue_Target_EUR],TargetsTable[Month],M84) -> 1180000 | P84: =IFERROR(N84/O84,0) -> 0.020119856 | R84: Referral | S84: =IFERROR(GETPIVOTDATA("Leads",Pivot!$J$3,"Channel",R84),COUNTIFS(T_CleanLeads[Channel],R84)) -> 108 | T84: =IFERROR(U84/S84,0) -> 0.31481481 | U84: =IFERROR(GETPIVOTDATA("Leads",Pivot!$J$3,"Channel",R84,"Lead_Status","Won"),COUNTIFS(T_CleanLeads[Channel],R84,T_CleanLeads[Lead_Status],"Won")) -> 34 | X84: Netherlands | Y84: =COUNTIFS(T_CleanCustomers[Market],X84,T_CleanCustomers[Activated_Flag],TRUE) -> 33 | Z84: =COUNTIFS(T_CleanCustomers[Market],X84,T_CleanCustomers[Activated_Flag],TRUE,T_CleanCustomers[Customer_Status_Clean],"Churned") -> 6 | AA84: =IFERROR(Z84/Y84,0) -> 0.18181818
A85: Activated | B85: =IFERROR(GETPIVOTDATA("Activated",Pivot!$V$30),0) -> 174 | D85: Telesales | E85: =IFERROR(GETPIVOTDATA("Leads",Pivot!$J$3,"Channel",D85),COUNTIFS(T_CleanLeads[Channel],D85)) -> 167 | G85: Telesales | H85: =IFERROR(GETPIVOTDATA("Revenue",Pivot!$F$56,"Channel_via_Customer",G85),SUMIFS(T_CleanTxns[Revenue_Usable],T_CleanTxns[Channel_via_Customer],G85)) -> 54452.28 | M85: =EDATE(M84,1) -> 45778 | N85: =IFERROR(GETPIVOTDATA("Revenue",Pivot!$A$56,"Transaction_Month",M85),SUMIFS(T_CleanTxns[Revenue_Usable],T_CleanTxns[Transaction_Month],M85)) -> 32383.38 | O85: =SUMIFS(TargetsTable[Revenue_Target_EUR],TargetsTable[Month],M85) -> 1180000 | P85: =IFERROR(N85/O85,0) -> 0.027443542 | R85: Telesales | S85: =IFERROR(GETPIVOTDATA("Leads",Pivot!$J$3,"Channel",R85),COUNTIFS(T_CleanLeads[Channel],R85)) -> 167 | T85: =IFERROR(U85/S85,0) -> 0.14371257 | U85: =IFERROR(GETPIVOTDATA("Leads",Pivot!$J$3,"Channel",R85,"Lead_Status","Won"),COUNTIFS(T_CleanLeads[Channel],R85,T_CleanLeads[Lead_Status],"Won")) -> 24 | X85: United Kingdom | Y85: =COUNTIFS(T_CleanCustomers[Market],X85,T_CleanCustomers[Activated_Flag],TRUE) -> 41 | Z85: =COUNTIFS(T_CleanCustomers[Market],X85,T_CleanCustomers[Activated_Flag],TRUE,T_CleanCustomers[Customer_Status_Clean],"Churned") -> 3 | AA85: =IFERROR(Z85/Y85,0) -> 0.073170732
D86: Unknown | E86: =IFERROR(GETPIVOTDATA("Leads",Pivot!$J$3,"Channel",D86),COUNTIFS(T_CleanLeads[Channel],D86)) -> 10 | G86: Unmatched | H86: =IFERROR(GETPIVOTDATA("Revenue",Pivot!$F$56,"Channel_via_Customer",G86),SUMIFS(T_CleanTxns[Revenue_Usable],T_CleanTxns[Channel_via_Customer],G86)) -> 0 | M86: =EDATE(M85,1) -> 45809 | N86: =IFERROR(GETPIVOTDATA("Revenue",Pivot!$A$56,"Transaction_Month",M86),SUMIFS(T_CleanTxns[Revenue_Usable],T_CleanTxns[Transaction_Month],M86)) -> 42829.8 | O86: =SUMIFS(TargetsTable[Revenue_Target_EUR],TargetsTable[Month],M86) -> 1180000 | P86: =IFERROR(N86/O86,0) -> 0.036296441 | R86: Unknown | S86: =IFERROR(GETPIVOTDATA("Leads",Pivot!$J$3,"Channel",R86),COUNTIFS(T_CleanLeads[Channel],R86)) -> 10 | T86: =IFERROR(U86/S86,0) -> 0.4 | U86: =IFERROR(GETPIVOTDATA("Leads",Pivot!$J$3,"Channel",R86,"Lead_Status","Won"),COUNTIFS(T_CleanLeads[Channel],R86,T_CleanLeads[Lead_Status],"Won")) -> 4
M87: =EDATE(M86,1) -> 45839 | N87: =IFERROR(GETPIVOTDATA("Revenue",Pivot!$A$56,"Transaction_Month",M87),SUMIFS(T_CleanTxns[Revenue_Usable],T_CleanTxns[Transaction_Month],M87)) -> 60369.83 | O87: =SUMIFS(TargetsTable[Revenue_Target_EUR],TargetsTable[Month],M87) -> 1180000 | P87: =IFERROR(N87/O87,0) -> 0.051160873
M88: =EDATE(M87,1) -> 45870 | N88: =IFERROR(GETPIVOTDATA("Revenue",Pivot!$A$56,"Transaction_Month",M88),SUMIFS(T_CleanTxns[Revenue_Usable],T_CleanTxns[Transaction_Month],M88)) -> 55415.95 | O88: =SUMIFS(TargetsTable[Revenue_Target_EUR],TargetsTable[Month],M88) -> 1180000 | P88: =IFERROR(N88/O88,0) -> 0.046962669
M89: =EDATE(M88,1) -> 45901 | N89: =IFERROR(GETPIVOTDATA("Revenue",Pivot!$A$56,"Transaction_Month",M89),SUMIFS(T_CleanTxns[Revenue_Usable],T_CleanTxns[Transaction_Month],M89)) -> 65443.06 | O89: =SUMIFS(TargetsTable[Revenue_Target_EUR],TargetsTable[Month],M89) -> 1321600 | P89: =IFERROR(N89/O89,0) -> 0.049518054
M90: =EDATE(M89,1) -> 45931 | N90: =IFERROR(GETPIVOTDATA("Revenue",Pivot!$A$56,"Transaction_Month",M90),SUMIFS(T_CleanTxns[Revenue_Usable],T_CleanTxns[Transaction_Month],M90)) -> 62657.36 | O90: =SUMIFS(TargetsTable[Revenue_Target_EUR],TargetsTable[Month],M90) -> 1321600 | P90: =IFERROR(N90/O90,0) -> 0.04741023
M91: =EDATE(M90,1) -> 45962 | N91: =IFERROR(GETPIVOTDATA("Revenue",Pivot!$A$56,"Transaction_Month",M91),SUMIFS(T_CleanTxns[Revenue_Usable],T_CleanTxns[Transaction_Month],M91)) -> 68212.31 | O91: =SUMIFS(TargetsTable[Revenue_Target_EUR],TargetsTable[Month],M91) -> 1321600 | P91: =IFERROR(N91/O91,0) -> 0.051613431
M92: =EDATE(M91,1) -> 45992 | N92: =IFERROR(GETPIVOTDATA("Revenue",Pivot!$A$56,"Transaction_Month",M92),SUMIFS(T_CleanTxns[Revenue_Usable],T_CleanTxns[Transaction_Month],M92)) -> 77999.24 | O92: =SUMIFS(TargetsTable[Revenue_Target_EUR],TargetsTable[Month],M92) -> 1180000 | P92: =IFERROR(N92/O92,0) -> 0.066101051

Sheet KPI_Summary
A1: KPI_Summary — funnel, activation, revenue, churn and target-attainment KPIs by month, market, channel, product, segment and sales rep
A2: All figures are live formulas (COUNTIFS / SUMIFS / AVERAGEIFS / SUMPRODUCT) referencing Clean_Leads, Clean_Customers, Clean_Transactions and Targets. Recalculates automatically if source data changes.
A4: 1. Monthly Funnel, Win Rate & Revenue Trend (2025)
A6: Month | B6: Leads | C6: Qualified | D6: Opportunities | E6: Won | F6: Qualification Rate | G6: Opportunity Rate | H6: Win Rate | I6: Completed Revenue (EUR) | J6: Revenue Target (EUR) | K6: Revenue Attainment
A7: 45658 | B7: =COUNTIFS(T_CleanLeads[Created_Month],A7) -> 68 | C7: =COUNTIFS(T_CleanLeads[Created_Month],A7,T_CleanLeads[Qualified_Flag],"Yes") -> 59 | D7: =COUNTIFS(T_CleanLeads[Created_Month],A7,T_CleanLeads[Opportunity_Date],"<>") -> 43 | E7: =COUNTIFS(T_CleanLeads[Created_Month],A7,T_CleanLeads[Lead_Status],"Won") -> 18 | F7: =IFERROR(C7/B7,0) -> 0.86764706 | G7: =IFERROR(D7/C7,0) -> 0.72881356 | H7: =IFERROR(E7/D7,0) -> 0.41860465 | I7: =SUMIFS(T_CleanTxns[Revenue_Usable],T_CleanTxns[Transaction_Month],A7) -> 0 | J7: =SUMIFS(Targets!$F$3:$F$62,Targets!$A$3:$A$62,A7) -> 1062000 | K7: =IFERROR(I7/J7,0) -> 0
A8: 45689 | B8: =COUNTIFS(T_CleanLeads[Created_Month],A8) -> 76 | C8: =COUNTIFS(T_CleanLeads[Created_Month],A8,T_CleanLeads[Qualified_Flag],"Yes") -> 54 | D8: =COUNTIFS(T_CleanLeads[Created_Month],A8,T_CleanLeads[Opportunity_Date],"<>") -> 39 | E8: =COUNTIFS(T_CleanLeads[Created_Month],A8,T_CleanLeads[Lead_Status],"Won") -> 16 | F8: =IFERROR(C8/B8,0) -> 0.71052632 | G8: =IFERROR(D8/C8,0) -> 0.72222222 | H8: =IFERROR(E8/D8,0) -> 0.41025641 | I8: =SUMIFS(T_CleanTxns[Revenue_Usable],T_CleanTxns[Transaction_Month],A8) -> 5118.04 | J8: =SUMIFS(Targets!$F$3:$F$62,Targets!$A$3:$A$62,A8) -> 1062000 | K8: =IFERROR(I8/J8,0) -> 0.0048192467
A9: 45717 | B9: =COUNTIFS(T_CleanLeads[Created_Month],A9) -> 83 | C9: =COUNTIFS(T_CleanLeads[Created_Month],A9,T_CleanLeads[Qualified_Flag],"Yes") -> 55 | D9: =COUNTIFS(T_CleanLeads[Created_Month],A9,T_CleanLeads[Opportunity_Date],"<>") -> 45 | E9: =COUNTIFS(T_CleanLeads[Created_Month],A9,T_CleanLeads[Lead_Status],"Won") -> 22 | F9: =IFERROR(C9/B9,0) -> 0.6626506 | G9: =IFERROR(D9/C9,0) -> 0.81818182 | H9: =IFERROR(E9/D9,0) -> 0.48888889 | I9: =SUMIFS(T_CleanTxns[Revenue_Usable],T_CleanTxns[Transaction_Month],A9) -> 13574.55 | J9: =SUMIFS(Targets!$F$3:$F$62,Targets!$A$3:$A$62,A9) -> 1180000 | K9: =IFERROR(I9/J9,0) -> 0.011503856
A10: 45748 | B10: =COUNTIFS(T_CleanLeads[Created_Month],A10) -> 77 | C10: =COUNTIFS(T_CleanLeads[Created_Month],A10,T_CleanLeads[Qualified_Flag],"Yes") -> 54 | D10: =COUNTIFS(T_CleanLeads[Created_Month],A10,T_CleanLeads[Opportunity_Date],"<>") -> 45 | E10: =COUNTIFS(T_CleanLeads[Created_Month],A10,T_CleanLeads[Lead_Status],"Won") -> 14 | F10: =IFERROR(C10/B10,0) -> 0.7012987 | G10: =IFERROR(D10/C10,0) -> 0.83333333 | H10: =IFERROR(E10/D10,0) -> 0.31111111 | I10: =SUMIFS(T_CleanTxns[Revenue_Usable],T_CleanTxns[Transaction_Month],A10) -> 23741.43 | J10: =SUMIFS(Targets!$F$3:$F$62,Targets!$A$3:$A$62,A10) -> 1180000 | K10: =IFERROR(I10/J10,0) -> 0.020119856
A11: 45778 | B11: =COUNTIFS(T_CleanLeads[Created_Month],A11) -> 92 | C11: =COUNTIFS(T_CleanLeads[Created_Month],A11,T_CleanLeads[Qualified_Flag],"Yes") -> 66 | D11: =COUNTIFS(T_CleanLeads[Created_Month],A11,T_CleanLeads[Opportunity_Date],"<>") -> 49 | E11: =COUNTIFS(T_CleanLeads[Created_Month],A11,T_CleanLeads[Lead_Status],"Won") -> 23 | F11: =IFERROR(C11/B11,0) -> 0.7173913 | G11: =IFERROR(D11/C11,0) -> 0.74242424 | H11: =IFERROR(E11/D11,0) -> 0.46938776 | I11: =SUMIFS(T_CleanTxns[Revenue_Usable],T_CleanTxns[Transaction_Month],A11) -> 32383.38 | J11: =SUMIFS(Targets!$F$3:$F$62,Targets!$A$3:$A$62,A11) -> 1180000 | K11: =IFERROR(I11/J11,0) -> 0.027443542
A12: 45809 | B12: =COUNTIFS(T_CleanLeads[Created_Month],A12) -> 86 | C12: =COUNTIFS(T_CleanLeads[Created_Month],A12,T_CleanLeads[Qualified_Flag],"Yes") -> 60 | D12: =COUNTIFS(T_CleanLeads[Created_Month],A12,T_CleanLeads[Opportunity_Date],"<>") -> 44 | E12: =COUNTIFS(T_CleanLeads[Created_Month],A12,T_CleanLeads[Lead_Status],"Won") -> 15 | F12: =IFERROR(C12/B12,0) -> 0.69767442 | G12: =IFERROR(D12/C12,0) -> 0.73333333 | H12: =IFERROR(E12/D12,0) -> 0.34090909 | I12: =SUMIFS(T_CleanTxns[Revenue_Usable],T_CleanTxns[Transaction_Month],A12) -> 42829.8 | J12: =SUMIFS(Targets!$F$3:$F$62,Targets!$A$3:$A$62,A12) -> 1180000 | K12: =IFERROR(I12/J12,0) -> 0.036296441
A13: 45839 | B13: =COUNTIFS(T_CleanLeads[Created_Month],A13) -> 88 | C13: =COUNTIFS(T_CleanLeads[Created_Month],A13,T_CleanLeads[Qualified_Flag],"Yes") -> 62 | D13: =COUNTIFS(T_CleanLeads[Created_Month],A13,T_CleanLeads[Opportunity_Date],"<>") -> 45 | E13: =COUNTIFS(T_CleanLeads[Created_Month],A13,T_CleanLeads[Lead_Status],"Won") -> 16 | F13: =IFERROR(C13/B13,0) -> 0.70454545 | G13: =IFERROR(D13/C13,0) -> 0.72580645 | H13: =IFERROR(E13/D13,0) -> 0.35555556 | I13: =SUMIFS(T_CleanTxns[Revenue_Usable],T_CleanTxns[Transaction_Month],A13) -> 60369.83 | J13: =SUMIFS(Targets!$F$3:$F$62,Targets!$A$3:$A$62,A13) -> 1180000 | K13: =IFERROR(I13/J13,0) -> 0.051160873
A14: 45870 | B14: =COUNTIFS(T_CleanLeads[Created_Month],A14) -> 88 | C14: =COUNTIFS(T_CleanLeads[Created_Month],A14,T_CleanLeads[Qualified_Flag],"Yes") -> 58 | D14: =COUNTIFS(T_CleanLeads[Created_Month],A14,T_CleanLeads[Opportunity_Date],"<>") -> 45 | E14: =COUNTIFS(T_CleanLeads[Created_Month],A14,T_CleanLeads[Lead_Status],"Won") -> 18 | F14: =IFERROR(C14/B14,0) -> 0.65909091 | G14: =IFERROR(D14/C14,0) -> 0.77586207 | H14: =IFERROR(E14/D14,0) -> 0.4 | I14: =SUMIFS(T_CleanTxns[Revenue_Usable],T_CleanTxns[Transaction_Month],A14) -> 55415.95 | J14: =SUMIFS(Targets!$F$3:$F$62,Targets!$A$3:$A$62,A14) -> 1180000 | K14: =IFERROR(I14/J14,0) -> 0.046962669
A15: 45901 | B15: =COUNTIFS(T_CleanLeads[Created_Month],A15) -> 82 | C15: =COUNTIFS(T_CleanLeads[Created_Month],A15,T_CleanLeads[Qualified_Flag],"Yes") -> 61 | D15: =COUNTIFS(T_CleanLeads[Created_Month],A15,T_CleanLeads[Opportunity_Date],"<>") -> 47 | E15: =COUNTIFS(T_CleanLeads[Created_Month],A15,T_CleanLeads[Lead_Status],"Won") -> 18 | F15: =IFERROR(C15/B15,0) -> 0.74390244 | G15: =IFERROR(D15/C15,0) -> 0.7704918 | H15: =IFERROR(E15/D15,0) -> 0.38297872 | I15: =SUMIFS(T_CleanTxns[Revenue_Usable],T_CleanTxns[Transaction_Month],A15) -> 65443.06 | J15: =SUMIFS(Targets!$F$3:$F$62,Targets!$A$3:$A$62,A15) -> 1321600 | K15: =IFERROR(I15/J15,0) -> 0.049518054
A16: 45931 | B16: =COUNTIFS(T_CleanLeads[Created_Month],A16) -> 80 | C16: =COUNTIFS(T_CleanLeads[Created_Month],A16,T_CleanLeads[Qualified_Flag],"Yes") -> 50 | D16: =COUNTIFS(T_CleanLeads[Created_Month],A16,T_CleanLeads[Opportunity_Date],"<>") -> 35 | E16: =COUNTIFS(T_CleanLeads[Created_Month],A16,T_CleanLeads[Lead_Status],"Won") -> 18 | F16: =IFERROR(C16/B16,0) -> 0.625 | G16: =IFERROR(D16/C16,0) -> 0.7 | H16: =IFERROR(E16/D16,0) -> 0.51428571 | I16: =SUMIFS(T_CleanTxns[Revenue_Usable],T_CleanTxns[Transaction_Month],A16) -> 62657.36 | J16: =SUMIFS(Targets!$F$3:$F$62,Targets!$A$3:$A$62,A16) -> 1321600 | K16: =IFERROR(I16/J16,0) -> 0.04741023
A17: 45962 | B17: =COUNTIFS(T_CleanLeads[Created_Month],A17) -> 82 | C17: =COUNTIFS(T_CleanLeads[Created_Month],A17,T_CleanLeads[Qualified_Flag],"Yes") -> 59 | D17: =COUNTIFS(T_CleanLeads[Created_Month],A17,T_CleanLeads[Opportunity_Date],"<>") -> 46 | E17: =COUNTIFS(T_CleanLeads[Created_Month],A17,T_CleanLeads[Lead_Status],"Won") -> 23 | F17: =IFERROR(C17/B17,0) -> 0.7195122 | G17: =IFERROR(D17/C17,0) -> 0.77966102 | H17: =IFERROR(E17/D17,0) -> 0.5 | I17: =SUMIFS(T_CleanTxns[Revenue_Usable],T_CleanTxns[Transaction_Month],A17) -> 68212.31 | J17: =SUMIFS(Targets!$F$3:$F$62,Targets!$A$3:$A$62,A17) -> 1321600 | K17: =IFERROR(I17/J17,0) -> 0.051613431
A18: 45992 | B18: =COUNTIFS(T_CleanLeads[Created_Month],A18) -> 98 | C18: =COUNTIFS(T_CleanLeads[Created_Month],A18,T_CleanLeads[Qualified_Flag],"Yes") -> 64 | D18: =COUNTIFS(T_CleanLeads[Created_Month],A18,T_CleanLeads[Opportunity_Date],"<>") -> 48 | E18: =COUNTIFS(T_CleanLeads[Created_Month],A18,T_CleanLeads[Lead_Status],"Won") -> 19 | F18: =IFERROR(C18/B18,0) -> 0.65306122 | G18: =IFERROR(D18/C18,0) -> 0.75 | H18: =IFERROR(E18/D18,0) -> 0.39583333 | I18: =SUMIFS(T_CleanTxns[Revenue_Usable],T_CleanTxns[Transaction_Month],A18) -> 77999.24 | J18: =SUMIFS(Targets!$F$3:$F$62,Targets!$A$3:$A$62,A18) -> 1180000 | K18: =IFERROR(I18/J18,0) -> 0.066101051
A19: FY2025 Total | B19: =SUM(B7:B18) -> 1000 | C19: =SUM(C7:C18) -> 702 | D19: =SUM(D7:D18) -> 531 | E19: =SUM(E7:E18) -> 220 | F19: =IFERROR(C19/B19,0) -> 0.702 | G19: =IFERROR(D19/C19,0) -> 0.75641026 | H19: =IFERROR(E19/D19,0) -> 0.41431262 | I19: =SUM(I7:I18) -> 507744.95 | J19: =SUM(J7:J18) -> 14348800 | K19: =IFERROR(I19/J19,0) -> 0.035385882
A22: 2. Performance by Market — funnel, activation, revenue & churn vs. target
A24: Market | B24: Leads | C24: Qualification Rate | D24: Opportunities | E24: Won | F24: Win Rate | G24: Won Customers | H24: Activated | I24: Activation Rate | J24: Avg Days to Activation | K24: Completed Revenue (EUR) | L24: Revenue Target (EUR) | M24: Revenue Attainment | N24: Churned | O24: Churn Rate
A25: Czech Republic | B25: =COUNTIFS(T_CleanLeads[Market],A25) -> 115 | C25: =IFERROR(COUNTIFS(T_CleanLeads[Market],A25,T_CleanLeads[Qualified_Flag],"Yes")/B25,0) -> 0.75652174 | D25: =COUNTIFS(T_CleanLeads[Market],A25,T_CleanLeads[Opportunity_Date],"<>") -> 78 | E25: =COUNTIFS(T_CleanLeads[Market],A25,T_CleanLeads[Lead_Status],"Won") -> 28 | F25: =IFERROR(E25/D25,0) -> 0.35897436 | G25: =COUNTIFS(T_CleanCustomers[Market],A25) -> 28 | H25: =COUNTIFS(T_CleanCustomers[Market],A25,T_CleanCustomers[Activated_Flag],TRUE()) -> 25 | I25: =IFERROR(H25/G25,0) -> 0.89285714 | J25: =IFERROR(AVERAGEIFS(T_CleanCustomers[Days_To_Activation],T_CleanCustomers[Market],A25,T_CleanCustomers[Activated_Flag],TRUE()),0) -> 25.24 | K25: =SUMIFS(T_CleanTxns[Revenue_Usable],T_CleanTxns[Market],A25) -> 71510.51 | L25: =SUMIFS(Targets!$F$3:$F$62,Targets!$B$3:$B$62,A25) -> 1824000 | M25: =IFERROR(K25/L25,0) -> 0.039205323 | N25: =COUNTIFS(T_CleanCustomers[Market],A25,T_CleanCustomers[Activated_Flag],TRUE(),T_CleanCustomers[Customer_Status_Clean],"Churned") -> 3 | O25: =IFERROR(N25/H25,0) -> 0.12
A26: France | B26: =COUNTIFS(T_CleanLeads[Market],A26) -> 181 | C26: =IFERROR(COUNTIFS(T_CleanLeads[Market],A26,T_CleanLeads[Qualified_Flag],"Yes")/B26,0) -> 0.67955801 | D26: =COUNTIFS(T_CleanLeads[Market],A26,T_CleanLeads[Opportunity_Date],"<>") -> 96 | E26: =COUNTIFS(T_CleanLeads[Market],A26,T_CleanLeads[Lead_Status],"Won") -> 39 | F26: =IFERROR(E26/D26,0) -> 0.40625 | G26: =COUNTIFS(T_CleanCustomers[Market],A26) -> 39 | H26: =COUNTIFS(T_CleanCustomers[Market],A26,T_CleanCustomers[Activated_Flag],TRUE()) -> 35 | I26: =IFERROR(H26/G26,0) -> 0.8974359 | J26: =IFERROR(AVERAGEIFS(T_CleanCustomers[Days_To_Activation],T_CleanCustomers[Market],A26,T_CleanCustomers[Activated_Flag],TRUE()),0) -> 22.8 | K26: =SUMIFS(T_CleanTxns[Revenue_Usable],T_CleanTxns[Market],A26) -> 123062.53 | L26: =SUMIFS(Targets!$F$3:$F$62,Targets!$B$3:$B$62,A26) -> 2675200 | M26: =IFERROR(K26/L26,0) -> 0.046001245 | N26: =COUNTIFS(T_CleanCustomers[Market],A26,T_CleanCustomers[Activated_Flag],TRUE(),T_CleanCustomers[Customer_Status_Clean],"Churned") -> 2 | O26: =IFERROR(N26/H26,0) -> 0.057142857
A27: Germany | B27: =COUNTIFS(T_CleanLeads[Market],A27) -> 286 | C27: =IFERROR(COUNTIFS(T_CleanLeads[Market],A27,T_CleanLeads[Qualified_Flag],"Yes")/B27,0) -> 0.71328671 | D27: =COUNTIFS(T_CleanLeads[Market],A27,T_CleanLeads[Opportunity_Date],"<>") -> 154 | E27: =COUNTIFS(T_CleanLeads[Market],A27,T_CleanLeads[Lead_Status],"Won") -> 59 | F27: =IFERROR(E27/D27,0) -> 0.38311688 | G27: =COUNTIFS(T_CleanCustomers[Market],A27) -> 59 | H27: =COUNTIFS(T_CleanCustomers[Market],A27,T_CleanCustomers[Activated_Flag],TRUE()) -> 37 | I27: =IFERROR(H27/G27,0) -> 0.62711864 | J27: =IFERROR(AVERAGEIFS(T_CleanCustomers[Days_To_Activation],T_CleanCustomers[Market],A27,T_CleanCustomers[Activated_Flag],TRUE()),0) -> 28.432432 | K27: =SUMIFS(T_CleanTxns[Revenue_Usable],T_CleanTxns[Market],A27) -> 133782.69 | L27: =SUMIFS(Targets!$F$3:$F$62,Targets!$B$3:$B$62,A27) -> 3891200 | M27: =IFERROR(K27/L27,0) -> 0.034380831 | N27: =COUNTIFS(T_CleanCustomers[Market],A27,T_CleanCustomers[Activated_Flag],TRUE(),T_CleanCustomers[Customer_Status_Clean],"Churned") -> 2 | O27: =IFERROR(N27/H27,0) -> 0.054054054
A28: Netherlands | B28: =COUNTIFS(T_CleanLeads[Market],A28) -> 164 | C28: =IFERROR(COUNTIFS(T_CleanLeads[Market],A28,T_CleanLeads[Qualified_Flag],"Yes")/B28,0) -> 0.68292683 | D28: =COUNTIFS(T_CleanLeads[Market],A28,T_CleanLeads[Opportunity_Date],"<>") -> 81 | E28: =COUNTIFS(T_CleanLeads[Market],A28,T_CleanLeads[Lead_Status],"Won") -> 41 | F28: =IFERROR(E28/D28,0) -> 0.50617284 | G28: =COUNTIFS(T_CleanCustomers[Market],A28) -> 41 | H28: =COUNTIFS(T_CleanCustomers[Market],A28,T_CleanCustomers[Activated_Flag],TRUE()) -> 33 | I28: =IFERROR(H28/G28,0) -> 0.80487805 | J28: =IFERROR(AVERAGEIFS(T_CleanCustomers[Days_To_Activation],T_CleanCustomers[Market],A28,T_CleanCustomers[Activated_Flag],TRUE()),0) -> 19.30303 | K28: =SUMIFS(T_CleanTxns[Revenue_Usable],T_CleanTxns[Market],A28) -> 64518.33 | L28: =SUMIFS(Targets!$F$3:$F$62,Targets!$B$3:$B$62,A28) -> 2310400 | M28: =IFERROR(K28/L28,0) -> 0.027925177 | N28: =COUNTIFS(T_CleanCustomers[Market],A28,T_CleanCustomers[Activated_Flag],TRUE(),T_CleanCustomers[Customer_Status_Clean],"Churned") -> 6 | O28: =IFERROR(N28/H28,0) -> 0.18181818
A29: United Kingdom | B29: =COUNTIFS(T_CleanLeads[Market],A29) -> 254 | C29: =IFERROR(COUNTIFS(T_CleanLeads[Market],A29,T_CleanLeads[Qualified_Flag],"Yes")/B29,0) -> 0.69291339 | D29: =COUNTIFS(T_CleanLeads[Market],A29,T_CleanLeads[Opportunity_Date],"<>") -> 122 | E29: =COUNTIFS(T_CleanLeads[Market],A29,T_CleanLeads[Lead_Status],"Won") -> 53 | F29: =IFERROR(E29/D29,0) -> 0.43442623 | G29: =COUNTIFS(T_CleanCustomers[Market],A29) -> 53 | H29: =COUNTIFS(T_CleanCustomers[Market],A29,T_CleanCustomers[Activated_Flag],TRUE()) -> 41 | I29: =IFERROR(H29/G29,0) -> 0.77358491 | J29: =IFERROR(AVERAGEIFS(T_CleanCustomers[Days_To_Activation],T_CleanCustomers[Market],A29,T_CleanCustomers[Activated_Flag],TRUE()),0) -> 28.463415 | K29: =SUMIFS(T_CleanTxns[Revenue_Usable],T_CleanTxns[Market],A29) -> 114870.89 | L29: =SUMIFS(Targets!$F$3:$F$62,Targets!$B$3:$B$62,A29) -> 3648000 | M29: =IFERROR(K29/L29,0) -> 0.031488731 | N29: =COUNTIFS(T_CleanCustomers[Market],A29,T_CleanCustomers[Activated_Flag],TRUE(),T_CleanCustomers[Customer_Status_Clean],"Churned") -> 3 | O29: =IFERROR(N29/H29,0) -> 0.073170732
A32: 3. Performance by Acquisition Channel
A34: Channel | B34: Leads | C34: Qualified | D34: Qualification Rate | E34: Opportunities | F34: Won | G34: Win Rate | H34: Completed Revenue (EUR)
A35: Digital | B35: =COUNTIFS(T_CleanLeads[Channel],A35) -> 232 | C35: =COUNTIFS(T_CleanLeads[Channel],A35,T_CleanLeads[Qualified_Flag],"Yes") -> 123 | D35: =IFERROR(C35/B35,0) -> 0.53017241 | E35: =COUNTIFS(T_CleanLeads[Channel],A35,T_CleanLeads[Opportunity_Date],"<>") -> 91 | F35: =COUNTIFS(T_CleanLeads[Channel],A35,T_CleanLeads[Lead_Status],"Won") -> 22 | G35: =IFERROR(F35/E35,0) -> 0.24175824 | H35: =SUMIFS(T_CleanTxns[Revenue_Usable],T_CleanTxns[Channel_via_Customer],A35) -> 54033.69
A36: Direct Sales | B36: =COUNTIFS(T_CleanLeads[Channel],A36) -> 270 | C36: =COUNTIFS(T_CleanLeads[Channel],A36,T_CleanLeads[Qualified_Flag],"Yes") -> 220 | D36: =IFERROR(C36/B36,0) -> 0.81481481 | E36: =COUNTIFS(T_CleanLeads[Channel],A36,T_CleanLeads[Opportunity_Date],"<>") -> 166 | F36: =COUNTIFS(T_CleanLeads[Channel],A36,T_CleanLeads[Lead_Status],"Won") -> 92 | G36: =IFERROR(F36/E36,0) -> 0.55421687 | H36: =SUMIFS(T_CleanTxns[Revenue_Usable],T_CleanTxns[Channel_via_Customer],A36) -> 190040.03
A37: Partner | B37: =COUNTIFS(T_CleanLeads[Channel],A37) -> 213 | C37: =COUNTIFS(T_CleanLeads[Channel],A37,T_CleanLeads[Qualified_Flag],"Yes") -> 150 | D37: =IFERROR(C37/B37,0) -> 0.70422535 | E37: =COUNTIFS(T_CleanLeads[Channel],A37,T_CleanLeads[Opportunity_Date],"<>") -> 112 | F37: =COUNTIFS(T_CleanLeads[Channel],A37,T_CleanLeads[Lead_Status],"Won") -> 44 | G37: =IFERROR(F37/E37,0) -> 0.39285714 | H37: =SUMIFS(T_CleanTxns[Revenue_Usable],T_CleanTxns[Channel_via_Customer],A37) -> 127442.08
A38: Referral | B38: =COUNTIFS(T_CleanLeads[Channel],A38) -> 108 | C38: =COUNTIFS(T_CleanLeads[Channel],A38,T_CleanLeads[Qualified_Flag],"Yes") -> 93 | D38: =IFERROR(C38/B38,0) -> 0.86111111 | E38: =COUNTIFS(T_CleanLeads[Channel],A38,T_CleanLeads[Opportunity_Date],"<>") -> 73 | F38: =COUNTIFS(T_CleanLeads[Channel],A38,T_CleanLeads[Lead_Status],"Won") -> 34 | G38: =IFERROR(F38/E38,0) -> 0.46575342 | H38: =SUMIFS(T_CleanTxns[Revenue_Usable],T_CleanTxns[Channel_via_Customer],A38) -> 81776.87
A39: Telesales | B39: =COUNTIFS(T_CleanLeads[Channel],A39) -> 167 | C39: =COUNTIFS(T_CleanLeads[Channel],A39,T_CleanLeads[Qualified_Flag],"Yes") -> 111 | D39: =IFERROR(C39/B39,0) -> 0.66467066 | E39: =COUNTIFS(T_CleanLeads[Channel],A39,T_CleanLeads[Opportunity_Date],"<>") -> 85 | F39: =COUNTIFS(T_CleanLeads[Channel],A39,T_CleanLeads[Lead_Status],"Won") -> 24 | G39: =IFERROR(F39/E39,0) -> 0.28235294 | H39: =SUMIFS(T_CleanTxns[Revenue_Usable],T_CleanTxns[Channel_via_Customer],A39) -> 54452.28
A40: Unknown | B40: =COUNTIFS(T_CleanLeads[Channel],A40) -> 10 | C40: =COUNTIFS(T_CleanLeads[Channel],A40,T_CleanLeads[Qualified_Flag],"Yes") -> 5 | D40: =IFERROR(C40/B40,0) -> 0.5 | E40: =COUNTIFS(T_CleanLeads[Channel],A40,T_CleanLeads[Opportunity_Date],"<>") -> 4 | F40: =COUNTIFS(T_CleanLeads[Channel],A40,T_CleanLeads[Lead_Status],"Won") -> 4 | G40: =IFERROR(F40/E40,0) -> 1 | H40: =SUMIFS(T_CleanTxns[Revenue_Usable],T_CleanTxns[Channel_via_Customer],A40) -> 0
A43: 4. Performance by Product
A45: Product | B45: Leads | C45: Won | D45: Win Rate | E45: Completed Revenue (EUR)
A46: EV Charge Card | B46: =COUNTIFS(T_CleanLeads[Product],A46) -> 185 | C46: =COUNTIFS(T_CleanLeads[Product],A46,T_CleanLeads[Lead_Status],"Won") -> 45 | D46: =IFERROR(C46/B46,0) -> 0.24324324 | E46: =SUMIFS(T_CleanTxns[Revenue_Usable],T_CleanTxns[Product_via_Customer],A46) -> 154991.56
A47: Fleet Expense Card | B47: =COUNTIFS(T_CleanLeads[Product],A47) -> 193 | C47: =COUNTIFS(T_CleanLeads[Product],A47,T_CleanLeads[Lead_Status],"Won") -> 37 | D47: =IFERROR(C47/B47,0) -> 0.19170984 | E47: =SUMIFS(T_CleanTxns[Revenue_Usable],T_CleanTxns[Product_via_Customer],A47) -> 78741.83
A48: Fuel Card | B48: =COUNTIFS(T_CleanLeads[Product],A48) -> 435 | C48: =COUNTIFS(T_CleanLeads[Product],A48,T_CleanLeads[Lead_Status],"Won") -> 98 | D48: =IFERROR(C48/B48,0) -> 0.22528736 | E48: =SUMIFS(T_CleanTxns[Revenue_Usable],T_CleanTxns[Product_via_Customer],A48) -> 194878.06
A49: Toll Solution | B49: =COUNTIFS(T_CleanLeads[Product],A49) -> 187 | C49: =COUNTIFS(T_CleanLeads[Product],A49,T_CleanLeads[Lead_Status],"Won") -> 40 | D49: =IFERROR(C49/B49,0) -> 0.21390374 | E49: =SUMIFS(T_CleanTxns[Revenue_Usable],T_CleanTxns[Product_via_Customer],A49) -> 79133.5
A52: 5. Performance by Customer Segment (Company Size)
A54: Segment | B54: Won Customers | C54: Activated | D54: Activation Rate | E54: Churned | F54: Churn Rate | G54: Completed Revenue (EUR)
A55: Enterprise | B55: =COUNTIFS(T_CleanCustomers[Customer_Segment],A55) -> 33 | C55: =COUNTIFS(T_CleanCustomers[Customer_Segment],A55,T_CleanCustomers[Activated_Flag],TRUE()) -> 31 | D55: =IFERROR(C55/B55,0) -> 0.93939394 | E55: =COUNTIFS(T_CleanCustomers[Customer_Segment],A55,T_CleanCustomers[Activated_Flag],TRUE(),T_CleanCustomers[Customer_Status_Clean],"Churned") -> 2 | F55: =IFERROR(E55/C55,0) -> 0.064516129 | G55: =SUMIFS(T_CleanTxns[Revenue_Usable],T_CleanTxns[Segment_via_Customer],A55) -> 316898.51
A56: Mid-Market | B56: =COUNTIFS(T_CleanCustomers[Customer_Segment],A56) -> 64 | C56: =COUNTIFS(T_CleanCustomers[Customer_Segment],A56,T_CleanCustomers[Activated_Flag],TRUE()) -> 48 | D56: =IFERROR(C56/B56,0) -> 0.75 | E56: =COUNTIFS(T_CleanCustomers[Customer_Segment],A56,T_CleanCustomers[Activated_Flag],TRUE(),T_CleanCustomers[Customer_Status_Clean],"Churned") -> 6 | F56: =IFERROR(E56/C56,0) -> 0.125 | G56: =SUMIFS(T_CleanTxns[Revenue_Usable],T_CleanTxns[Segment_via_Customer],A56) -> 131903.92
A57: SME | B57: =COUNTIFS(T_CleanCustomers[Customer_Segment],A57) -> 115 | C57: =COUNTIFS(T_CleanCustomers[Customer_Segment],A57,T_CleanCustomers[Activated_Flag],TRUE()) -> 86 | D57: =IFERROR(C57/B57,0) -> 0.74782609 | E57: =COUNTIFS(T_CleanCustomers[Customer_Segment],A57,T_CleanCustomers[Activated_Flag],TRUE(),T_CleanCustomers[Customer_Status_Clean],"Churned") -> 7 | F57: =IFERROR(E57/C57,0) -> 0.081395349 | G57: =SUMIFS(T_CleanTxns[Revenue_Usable],T_CleanTxns[Segment_via_Customer],A57) -> 54112.94
A58: Unclassified | B58: =COUNTIFS(T_CleanCustomers[Customer_Segment],A58) -> 8 | C58: =COUNTIFS(T_CleanCustomers[Customer_Segment],A58,T_CleanCustomers[Activated_Flag],TRUE()) -> 6 | D58: =IFERROR(C58/B58,0) -> 0.75 | E58: =COUNTIFS(T_CleanCustomers[Customer_Segment],A58,T_CleanCustomers[Activated_Flag],TRUE(),T_CleanCustomers[Customer_Status_Clean],"Churned") -> 1 | F58: =IFERROR(E58/C58,0) -> 0.16666667 | G58: =SUMIFS(T_CleanTxns[Revenue_Usable],T_CleanTxns[Segment_via_Customer],A58) -> 4829.58
A61: 6. Sales Representative Productivity — leads, win rate, revenue vs. annual target
A63: Rep_ID | B63: Rep_Name | C63: Market | D63: Team | E63: Leads | F63: Won | G63: Win Rate | H63: Completed Revenue (EUR) | I63: Annual Target (EUR) | J63: Target Attainment
A64: REP001 | B64: =IFERROR(INDEX(Sales_Reps!$B$4:$B$18,MATCH(A64,Sales_Reps!$A$4:$A$18,0)),"") -> Anna Schmidt | C64: =IFERROR(INDEX(Sales_Reps!$C$4:$C$18,MATCH(A64,Sales_Reps!$A$4:$A$18,0)),"") -> Germany | D64: =IFERROR(INDEX(Sales_Reps!$E$4:$E$18,MATCH(A64,Sales_Reps!$A$4:$A$18,0)),"") -> Enterprise | E64: =COUNTIFS(T_CleanLeads[Sales_Rep_ID],A64) -> 92 | F64: =COUNTIFS(T_CleanLeads[Sales_Rep_ID],A64,T_CleanLeads[Lead_Status],"Won") -> 14 | G64: =IFERROR(F64/E64,0) -> 0.15217391 | H64: =SUMIFS(T_CleanTxns[Revenue_Usable],T_CleanTxns[Rep_ID_via_Customer],A64) -> 42286.06 | I64: =IFERROR(INDEX(Sales_Reps!$F$4:$F$18,MATCH(A64,Sales_Reps!$A$4:$A$18,0))*12,0) -> 2268000 | J64: =IFERROR(H64/I64,0) -> 0.018644647
A65: REP002 | B65: =IFERROR(INDEX(Sales_Reps!$B$4:$B$18,MATCH(A65,Sales_Reps!$A$4:$A$18,0)),"") -> Lukas Meyer | C65: =IFERROR(INDEX(Sales_Reps!$C$4:$C$18,MATCH(A65,Sales_Reps!$A$4:$A$18,0)),"") -> Germany | D65: =IFERROR(INDEX(Sales_Reps!$E$4:$E$18,MATCH(A65,Sales_Reps!$A$4:$A$18,0)),"") -> Mid-Market | E65: =COUNTIFS(T_CleanLeads[Sales_Rep_ID],A65) -> 87 | F65: =COUNTIFS(T_CleanLeads[Sales_Rep_ID],A65,T_CleanLeads[Lead_Status],"Won") -> 19 | G65: =IFERROR(F65/E65,0) -> 0.2183908 | H65: =SUMIFS(T_CleanTxns[Revenue_Usable],T_CleanTxns[Rep_ID_via_Customer],A65) -> 42852.27 | I65: =IFERROR(INDEX(Sales_Reps!$F$4:$F$18,MATCH(A65,Sales_Reps!$A$4:$A$18,0))*12,0) -> 1890000 | J65: =IFERROR(H65/I65,0) -> 0.022673159
A66: REP003 | B66: =IFERROR(INDEX(Sales_Reps!$B$4:$B$18,MATCH(A66,Sales_Reps!$A$4:$A$18,0)),"") -> Sophie Brown | C66: =IFERROR(INDEX(Sales_Reps!$C$4:$C$18,MATCH(A66,Sales_Reps!$A$4:$A$18,0)),"") -> Germany | D66: =IFERROR(INDEX(Sales_Reps!$E$4:$E$18,MATCH(A66,Sales_Reps!$A$4:$A$18,0)),"") -> SME | E66: =COUNTIFS(T_CleanLeads[Sales_Rep_ID],A66) -> 106 | F66: =COUNTIFS(T_CleanLeads[Sales_Rep_ID],A66,T_CleanLeads[Lead_Status],"Won") -> 26 | G66: =IFERROR(F66/E66,0) -> 0.24528302 | H66: =SUMIFS(T_CleanTxns[Revenue_Usable],T_CleanTxns[Rep_ID_via_Customer],A66) -> 48644.36 | I66: =IFERROR(INDEX(Sales_Reps!$F$4:$F$18,MATCH(A66,Sales_Reps!$A$4:$A$18,0))*12,0) -> 1701000 | J66: =IFERROR(H66/I66,0) -> 0.028597507
A67: REP004 | B67: =IFERROR(INDEX(Sales_Reps!$B$4:$B$18,MATCH(A67,Sales_Reps!$A$4:$A$18,0)),"") -> David Taylor | C67: =IFERROR(INDEX(Sales_Reps!$C$4:$C$18,MATCH(A67,Sales_Reps!$A$4:$A$18,0)),"") -> United Kingdom | D67: =IFERROR(INDEX(Sales_Reps!$E$4:$E$18,MATCH(A67,Sales_Reps!$A$4:$A$18,0)),"") -> Enterprise | E67: =COUNTIFS(T_CleanLeads[Sales_Rep_ID],A67) -> 86 | F67: =COUNTIFS(T_CleanLeads[Sales_Rep_ID],A67,T_CleanLeads[Lead_Status],"Won") -> 12 | G67: =IFERROR(F67/E67,0) -> 0.13953488 | H67: =SUMIFS(T_CleanTxns[Revenue_Usable],T_CleanTxns[Rep_ID_via_Customer],A67) -> 10938.28 | I67: =IFERROR(INDEX(Sales_Reps!$F$4:$F$18,MATCH(A67,Sales_Reps!$A$4:$A$18,0))*12,0) -> 2268000 | J67: =IFERROR(H67/I67,0) -> 0.0048228748
A68: REP005 | B68: =IFERROR(INDEX(Sales_Reps!$B$4:$B$18,MATCH(A68,Sales_Reps!$A$4:$A$18,0)),"") -> Emma de Vries | C68: =IFERROR(INDEX(Sales_Reps!$C$4:$C$18,MATCH(A68,Sales_Reps!$A$4:$A$18,0)),"") -> United Kingdom | D68: =IFERROR(INDEX(Sales_Reps!$E$4:$E$18,MATCH(A68,Sales_Reps!$A$4:$A$18,0)),"") -> Mid-Market | E68: =COUNTIFS(T_CleanLeads[Sales_Rep_ID],A68) -> 79 | F68: =COUNTIFS(T_CleanLeads[Sales_Rep_ID],A68,T_CleanLeads[Lead_Status],"Won") -> 17 | G68: =IFERROR(F68/E68,0) -> 0.21518987 | H68: =SUMIFS(T_CleanTxns[Revenue_Usable],T_CleanTxns[Rep_ID_via_Customer],A68) -> 41248.39 | I68: =IFERROR(INDEX(Sales_Reps!$F$4:$F$18,MATCH(A68,Sales_Reps!$A$4:$A$18,0))*12,0) -> 1890000 | J68: =IFERROR(H68/I68,0) -> 0.021824545
A69: REP006 | B69: =IFERROR(INDEX(Sales_Reps!$B$4:$B$18,MATCH(A69,Sales_Reps!$A$4:$A$18,0)),"") -> Tom Jansen | C69: =IFERROR(INDEX(Sales_Reps!$C$4:$C$18,MATCH(A69,Sales_Reps!$A$4:$A$18,0)),"") -> United Kingdom | D69: =IFERROR(INDEX(Sales_Reps!$E$4:$E$18,MATCH(A69,Sales_Reps!$A$4:$A$18,0)),"") -> SME | E69: =COUNTIFS(T_CleanLeads[Sales_Rep_ID],A69) -> 87 | F69: =COUNTIFS(T_CleanLeads[Sales_Rep_ID],A69,T_CleanLeads[Lead_Status],"Won") -> 24 | G69: =IFERROR(F69/E69,0) -> 0.27586207 | H69: =SUMIFS(T_CleanTxns[Revenue_Usable],T_CleanTxns[Rep_ID_via_Customer],A69) -> 62684.22 | I69: =IFERROR(INDEX(Sales_Reps!$F$4:$F$18,MATCH(A69,Sales_Reps!$A$4:$A$18,0))*12,0) -> 1701000 | J69: =IFERROR(H69/I69,0) -> 0.036851393
A70: REP007 | B70: =IFERROR(INDEX(Sales_Reps!$B$4:$B$18,MATCH(A70,Sales_Reps!$A$4:$A$18,0)),"") -> Nina Novak | C70: =IFERROR(INDEX(Sales_Reps!$C$4:$C$18,MATCH(A70,Sales_Reps!$A$4:$A$18,0)),"") -> Netherlands | D70: =IFERROR(INDEX(Sales_Reps!$E$4:$E$18,MATCH(A70,Sales_Reps!$A$4:$A$18,0)),"") -> Enterprise | E70: =COUNTIFS(T_CleanLeads[Sales_Rep_ID],A70) -> 45 | F70: =COUNTIFS(T_CleanLeads[Sales_Rep_ID],A70,T_CleanLeads[Lead_Status],"Won") -> 10 | G70: =IFERROR(F70/E70,0) -> 0.22222222 | H70: =SUMIFS(T_CleanTxns[Revenue_Usable],T_CleanTxns[Rep_ID_via_Customer],A70) -> 10119.21 | I70: =IFERROR(INDEX(Sales_Reps!$F$4:$F$18,MATCH(A70,Sales_Reps!$A$4:$A$18,0))*12,0) -> 1944000 | J70: =IFERROR(H70/I70,0) -> 0.0052053549
A71: REP008 | B71: =IFERROR(INDEX(Sales_Reps!$B$4:$B$18,MATCH(A71,Sales_Reps!$A$4:$A$18,0)),"") -> Jan Dvorak | C71: =IFERROR(INDEX(Sales_Reps!$C$4:$C$18,MATCH(A71,Sales_Reps!$A$4:$A$18,0)),"") -> Netherlands | D71: =IFERROR(INDEX(Sales_Reps!$E$4:$E$18,MATCH(A71,Sales_Reps!$A$4:$A$18,0)),"") -> Mid-Market | E71: =COUNTIFS(T_CleanLeads[Sales_Rep_ID],A71) -> 61 | F71: =COUNTIFS(T_CleanLeads[Sales_Rep_ID],A71,T_CleanLeads[Lead_Status],"Won") -> 14 | G71: =IFERROR(F71/E71,0) -> 0.2295082 | H71: =SUMIFS(T_CleanTxns[Revenue_Usable],T_CleanTxns[Rep_ID_via_Customer],A71) -> 26603.42 | I71: =IFERROR(INDEX(Sales_Reps!$F$4:$F$18,MATCH(A71,Sales_Reps!$A$4:$A$18,0))*12,0) -> 1620000 | J71: =IFERROR(H71/I71,0) -> 0.016421864
A72: REP009 | B72: =IFERROR(INDEX(Sales_Reps!$B$4:$B$18,MATCH(A72,Sales_Reps!$A$4:$A$18,0)),"") -> Laura Martin | C72: =IFERROR(INDEX(Sales_Reps!$C$4:$C$18,MATCH(A72,Sales_Reps!$A$4:$A$18,0)),"") -> Netherlands | D72: =IFERROR(INDEX(Sales_Reps!$E$4:$E$18,MATCH(A72,Sales_Reps!$A$4:$A$18,0)),"") -> SME | E72: =COUNTIFS(T_CleanLeads[Sales_Rep_ID],A72) -> 57 | F72: =COUNTIFS(T_CleanLeads[Sales_Rep_ID],A72,T_CleanLeads[Lead_Status],"Won") -> 16 | G72: =IFERROR(F72/E72,0) -> 0.28070175 | H72: =SUMIFS(T_CleanTxns[Revenue_Usable],T_CleanTxns[Rep_ID_via_Customer],A72) -> 26626.78 | I72: =IFERROR(INDEX(Sales_Reps!$F$4:$F$18,MATCH(A72,Sales_Reps!$A$4:$A$18,0))*12,0) -> 1458000 | J72: =IFERROR(H72/I72,0) -> 0.018262538
A73: REP010 | B73: =IFERROR(INDEX(Sales_Reps!$B$4:$B$18,MATCH(A73,Sales_Reps!$A$4:$A$18,0)),"") -> Peter Dubois | C73: =IFERROR(INDEX(Sales_Reps!$C$4:$C$18,MATCH(A73,Sales_Reps!$A$4:$A$18,0)),"") -> Czech Republic | D73: =IFERROR(INDEX(Sales_Reps!$E$4:$E$18,MATCH(A73,Sales_Reps!$A$4:$A$18,0)),"") -> Enterprise | E73: =COUNTIFS(T_CleanLeads[Sales_Rep_ID],A73) -> 29 | F73: =COUNTIFS(T_CleanLeads[Sales_Rep_ID],A73,T_CleanLeads[Lead_Status],"Won") -> 7 | G73: =IFERROR(F73/E73,0) -> 0.24137931 | H73: =SUMIFS(T_CleanTxns[Revenue_Usable],T_CleanTxns[Rep_ID_via_Customer],A73) -> 21538.93 | I73: =IFERROR(INDEX(Sales_Reps!$F$4:$F$18,MATCH(A73,Sales_Reps!$A$4:$A$18,0))*12,0) -> 1944000 | J73: =IFERROR(H73/I73,0) -> 0.011079697
A74: REP011 | B74: =IFERROR(INDEX(Sales_Reps!$B$4:$B$18,MATCH(A74,Sales_Reps!$A$4:$A$18,0)),"") -> Marta Wilson | C74: =IFERROR(INDEX(Sales_Reps!$C$4:$C$18,MATCH(A74,Sales_Reps!$A$4:$A$18,0)),"") -> Czech Republic | D74: =IFERROR(INDEX(Sales_Reps!$E$4:$E$18,MATCH(A74,Sales_Reps!$A$4:$A$18,0)),"") -> Mid-Market | E74: =COUNTIFS(T_CleanLeads[Sales_Rep_ID],A74) -> 48 | F74: =COUNTIFS(T_CleanLeads[Sales_Rep_ID],A74,T_CleanLeads[Lead_Status],"Won") -> 8 | G74: =IFERROR(F74/E74,0) -> 0.16666667 | H74: =SUMIFS(T_CleanTxns[Revenue_Usable],T_CleanTxns[Rep_ID_via_Customer],A74) -> 29584.96 | I74: =IFERROR(INDEX(Sales_Reps!$F$4:$F$18,MATCH(A74,Sales_Reps!$A$4:$A$18,0))*12,0) -> 1620000 | J74: =IFERROR(H74/I74,0) -> 0.018262321
A75: REP012 | B75: =IFERROR(INDEX(Sales_Reps!$B$4:$B$18,MATCH(A75,Sales_Reps!$A$4:$A$18,0)),"") -> Daniel Baker | C75: =IFERROR(INDEX(Sales_Reps!$C$4:$C$18,MATCH(A75,Sales_Reps!$A$4:$A$18,0)),"") -> Czech Republic | D75: =IFERROR(INDEX(Sales_Reps!$E$4:$E$18,MATCH(A75,Sales_Reps!$A$4:$A$18,0)),"") -> SME | E75: =COUNTIFS(T_CleanLeads[Sales_Rep_ID],A75) -> 38 | F75: =COUNTIFS(T_CleanLeads[Sales_Rep_ID],A75,T_CleanLeads[Lead_Status],"Won") -> 13 | G75: =IFERROR(F75/E75,0) -> 0.34210526 | H75: =SUMIFS(T_CleanTxns[Revenue_Usable],T_CleanTxns[Rep_ID_via_Customer],A75) -> 20386.62 | I75: =IFERROR(INDEX(Sales_Reps!$F$4:$F$18,MATCH(A75,Sales_Reps!$A$4:$A$18,0))*12,0) -> 1458000 | J75: =IFERROR(H75/I75,0) -> 0.013982593
... A78: REP015 | B78: =IFERROR(INDEX(Sales_Reps!$B$4:$B$18,MATCH(A78,Sales_Reps!$A$4:$A$18,0)),"") -> Clara Vos | C78: =IFERROR(INDEX(Sales_Reps!$C$4:$C$18,MATCH(A78,Sales_Reps!$A$4:$A$18,0)),"") -> France | D78: =IFERROR(INDEX(Sales_Reps!$E$4:$E$18,MATCH(A78,Sales_Reps!$A$4:$A$18,0)),"") -> SME | E78: =COUNTIFS(T_CleanLeads[Sales_Rep_ID],A78) -> 65 | F78: =COUNTIFS(T_CleanLeads[Sales_Rep_ID],A78,T_CleanLeads[Lead_Status],"Won") -> 17 | G78: =IFERROR(F78/E78,0) -> 0.26153846 | H78: =SUMIFS(T_CleanTxns[Revenue_Usable],T_CleanTxns[Rep_ID_via_Customer],A78) -> 56990.63 | I78: =IFERROR(INDEX(Sales_Reps!$F$4:$F$18,MATCH(A78,Sales_Reps!$A$4:$A$18,0))*12,0) -> 1458000 | J78: =IFERROR(H78/I78,0) -> 0.039088224
A79: REP999 | B79: Not in Sales_Reps master (invalid ID) | E79: =COUNTIFS(T_CleanLeads[Sales_Rep_ID],A79) -> 6 | F79: =COUNTIFS(T_CleanLeads[Sales_Rep_ID],A79,T_CleanLeads[Lead_Status],"Won") -> 1 | G79: =IFERROR(F79/E79,0) -> 0.16666667

Sheet Dashboard
AF2: =IFERROR(GETPIVOTDATA("Leads",Pivot!$V$3),0) -> 1000 | AG2: Total Leads
AF3: =IFERROR(GETPIVOTDATA("Qualified",Pivot!$V$3)/GETPIVOTDATA("Leads",Pivot!$V$3),0) -> 0.702 | AG3: Qualification Rate
AF4: =IFERROR(GETPIVOTDATA("Opportunities",Pivot!$V$3)/GETPIVOTDATA("Qualified",Pivot!$V$3),0) -> 0.75641026 | AG4: Opportunity Rate
AF5: =IFERROR(GETPIVOTDATA("Wins",Pivot!$V$3)/GETPIVOTDATA("Opportunities",Pivot!$V$3),0) -> 0.41431262 | AG5: Win Rate
AF6: =IFERROR(GETPIVOTDATA("Activated",Pivot!$V$30)/GETPIVOTDATA("Customers",Pivot!$V$30),0) -> 0.79090909 | AG6: Activation Rate
AF7: =IFERROR(GETPIVOTDATA("AvgDays",Pivot!$V$30),0) -> 25.05848 | AG7: Avg Days to Activation
AF8: =IFERROR(GETPIVOTDATA("Revenue",Pivot!$K$56),0) -> 507744.95 | AG8: Completed Revenue
AF9: =IFERROR($AF$8/SUM(TargetsTable[Revenue_Target_EUR]),0) -> 0.035385882 | AG9: Revenue Attainment
AF10: =IFERROR(GETPIVOTDATA("Churned",Pivot!$V$30)/GETPIVOTDATA("Activated",Pivot!$V$30),0) -> 0.074712644 | AG10: Churn Rate
AF11: =COUNTA(#REF!) -> 1 | AG11: Exception Records

Sheet Raw_Leads
A1: Raw Leads
A3: Lead_ID | B3: Created_Date | C3: Market | D3: Channel | E3: Product | F3: Company_Size | G3: Sales_Rep_ID | H3: Lead_Status | I3: Qualified_Flag | J3: Qualified_Date | K3: Opportunity_Date | L3: Won_Date | M3: Lost_Date | N3: Expected_Monthly_Revenue_EUR
A4: LEAD00001 | B4: 45936 | C4: United Kingdom | D4: Telesales | E4: Fuel Card | F4: Enterprise | G4: REP004 | H4: Lost | I4: Yes | J4: 45941 | K4: 45944 | M4: 45967 | N4: 10091.73
A5: LEAD00002 | B5: 45999 | C5: Czech Republic | D5: Partner | E5: Toll Solution | F5: SME | G5: REP012 | H5: Opportunity | I5: Yes | J5: 46005 | K5: 46020 | N5: 702.99
A6: LEAD00003 | B6: 45960 | C6: Netherlands | D6: Telesales | E6: Fleet Expense Card | F6: Mid-Market | G6: REP008 | H6: Lost | I6: No | M6: 45963 | N6: 2285.31
A7: LEAD00004 | B7: 45892 | C7: United Kingdom | D7: Partner | E7: Toll Solution | F7: Enterprise | G7: REP006 | H7: Lost | I7: Yes | J7: 45902 | K7: 45915 | M7: 45920 | N7: 5065.21
A8: LEAD00005 | B8: 45946 | C8: Germany | D8: Direct Sales | E8: Fleet Expense Card | F8: SME | G8: REP001 | H8: Lost | I8: No | M8: 45963 | N8: 669.1
A9: LEAD00006 | B9: 45748 | C9: United Kingdom | D9: Direct Sales | E9: Fuel Card | F9: SME | G9: REP004 | H9: Lost | I9: Yes | J9: 45752 | K9: 45753 | M9: 45765 | N9: 784.3
A10: LEAD00007 | B10: 45849 | C10: United Kingdom | D10: Digital | E10: Toll Solution | F10: Enterprise | G10: REP005 | H10: Lost | I10: Yes | J10: 45850 | K10: 45858 | M10: 45872 | N10: 5511.46
A11: LEAD00008 | B11: 45826 | C11: Germany | D11: Telesales | E11: Fuel Card | F11: Mid-Market | G11: REP001 | H11: Lost | I11: Yes | J11: 45829 | K11: 45837 | M11: 45856 | N11: 2834.62
A12: LEAD00009 | B12: 45783 | C12: United Kingdom | D12: Telesales | E12: Toll Solution | F12: SME | G12: REP004 | H12: Lost | I12: No | M12: 45794 | N12: 488.24
A13: LEAD00010 | B13: 46000 | C13: Great Britain | D13: Referral | E13: Toll Solution | F13: Enterprise | G13: REP006 | H13: Won | I13: Yes | J13: 46004 | K13: 46007 | L13: 46023 | N13: 6898.05
A14: LEAD00011 | B14: 45858 | C14: United Kingdom | D14: Digital | E14: Toll Solution | F14: SME | G14: REP006 | H14: Lost | I14: Yes | J14: 45868 | M14: 45893 | N14: 696.21
A15: LEAD00012 | B15: 45807 | C15: Netherlands | D15: Referral | E15: Fuel Card | F15: SME | G15: REP009 | H15: Won | I15: Yes | J15: 45817 | K15: 45831 | L15: 45842 | N15: 732.38
A16: LEAD00013 | B16: 46013 | C16: Netherlands | D16: Direct Sales | E16: Fuel Card | F16: Mid-Market | G16: REP008 | H16: Opportunity | I16: Yes | J16: 46016 | K16: 46028 | N16: 3026.95
A17: LEAD00014 | B17: 46008 | C17: France | D17: Telesales | E17: Toll Solution | F17: Enterprise | G17: REP015 | H17: Qualified | I17: Yes | J17: 46016 | N17: 4150.69
A18: LEAD00015 | B18: 45719 | C18: France | D18: Partner | E18: Toll Solution | F18: Mid-Market | G18: REP015 | H18: Won | I18: Yes | J18: 45722 | K18: 45731 | L18: 45759 | N18: 1713.23
A19: LEAD00016 | B19: 45779 | C19: United Kingdom | D19: Direct Sales | E19: Fuel Card | F19: Mid-Market | G19: REP004 | H19: Won | I19: Yes | J19: 45783 | K19: 45791 | L19: 45821 | N19: 2249.42
A20: LEAD00017 | B20: 45938 | C20: Netherlands | D20: Digital | E20: Fuel Card | F20: SME | G20: REP007 | H20: Lost | I20: No | M20: 45940 | N20: 758
A21: LEAD00018 | B21: 45864 | C21: United Kingdom | D21: Telesales | E21: Fleet Expense Card | F21: SME | G21: REP005 | H21: Lost | I21: No | M21: 45874 | N21: 606.03
A22: LEAD00019 | B22: 45843 | C22: United Kingdom | D22: Direct Sales | E22: EV Charge Card | F22: SME | G22: REP006 | H22: Lost | I22: Yes | J22: 45851 | K22: 45863 | M22: 45868 | N22: 697.01
A23: LEAD00020 | B23: 45843 | C23: United Kingdom | D23: Partner | E23: Fuel Card | F23: SME | G23: REP005 | H23: Lost | I23: Yes | J23: 45849 | K23: 45861 | M23: 45876 | N23: 1032.97
A24: LEAD00021 | B24: 46011 | C24: Germany | D24: Partner | E24: Fuel Card | F24: Enterprise | G24: REP002 | H24: New | I24: No | N24: 8553.35
A25: LEAD00022 | B25: 45747 | C25: Germany | D25: Partner | E25: Fuel Card | F25: Mid-Market | G25: REP003 | H25: Lost | I25: No | M25: 45767 | N25: 2924.3
A26: LEAD00023 | B26: 45691 | C26: United Kingdom | D26: Direct Sales | E26: EV Charge Card | F26: Mid-Market | G26: REP004 | H26: Lost | I26: Yes | J26: 45701 | K26: 45713 | M26: 45724 | N26: 1869.87
A27: LEAD00024 | B27: 45694 | C27: Netherlands | D27: Digital | E27: Fuel Card | F27: SME | G27: REP009 | H27: Lost | I27: Yes | J27: 45699 | K27: 45703 | M27: 45736 | N27: 902.15
A28: LEAD00025 | B28: 46022 | C28: United Kingdom | D28: Direct Sales | E28: EV Charge Card | F28: SME | G28: REP006 | H28: Won | I28: Yes | J28: 46025 | K28: 46027 | L28: 46043 | N28: 670.98
A29: LEAD00026 | B29: 45876 | C29: France | D29: Digital | E29: Toll Solution | F29: SME | G29: REP015 | H29: Lost | I29: No | M29: 45889 | N29: 668.86
A30: LEAD00027 | B30: 45667 | C30: United Kingdom | D30: Digital | E30: EV Charge Card | F30: Mid-Market | G30: REP004 | H30: Lost | I30: Yes | J30: 45670 | K30: 45671 | M30: 45677 | N30: 1973.56
A31: LEAD00028 | B31: 46008 | C31: Netherlands | D31: Direct Sales | E31: Fuel Card | F31: Mid-Market | G31: REP008 | H31: Qualified | I31: Yes | J31: 46010 | N31: 3492.52
A32: LEAD00029 | B32: 45963 | C32: United Kingdom | D32: Partner | E32: Toll Solution | F32: SME | G32: REP004 | H32: Lost | I32: Yes | J32: 45968 | K32: 45973 | M32: 45998 | N32: 642.32
A33: LEAD00030 | B33: 45993 | C33: Czech Republic | D33: Digital | E33: Fuel Card | F33: SME | G33: REP011 | H33: Qualified | I33: Yes | J33: 46000 | N33: 1099.29
A34: LEAD00031 | B34: 45929 | C34: Germany | D34: Partner | E34: Fuel Card | F34: SME | G34: REP001 | H34: Lost | I34: No | M34: 45948 | N34: 911.88
A35: LEAD00032 | B35: 45999 | C35: Germany | D35: Digital | E35: Toll Solution | F35: Mid-Market | G35: REP002 | H35: Opportunity | I35: Yes | J35: 46009 | K35: 46023 | N35: 1958.18
A36: LEAD00033 | B36: 45985 | C36: United Kingdom | D36: Direct Sales | E36: Fuel Card | F36: SME | G36: REP006 | H36: Won | I36: Yes | J36: 45995 | K36: 45996 | L36: 46004 | N36: 725.29
A37: LEAD00034 | B37: 45882 | C37: Czech Republic | D37: Direct Sales | E37: Fuel Card | F37: Mid-Market | G37: REP011 | H37: Lost | I37: Yes | J37: 45884 | K37: 45898 | M37: 45933 | N37: 2842.9
A38: LEAD00035 | B38: 45669 | C38: France | D38: Partner | E38: Fuel Card | F38: SME | G38: REP013 | H38: Won | I38: Yes | J38: 45674 | K38: 45681 | L38: 45700 | N38: 1113.11
A39: LEAD00036 | B39: 45715 | C39: France | D39: Partner | E39: Fleet Expense Card | F39: SME | G39: REP013 | H39: Lost | I39: Yes | J39: 45720 | K39: 45734 | M39: 45741 | N39: 613.5
A40: LEAD00037 | B40: 45992 | C40: France | D40: Direct Sales | E40: Toll Solution | F40: Mid-Market | G40: REP014 | H40: Opportunity | I40: Yes | J40: 45993 | K40: 46001 | N40: 1617.27
A41: LEAD00038 | B41: 45702 | C41: Netherlands | D41: Referral | E41: Fuel Card | F41: Mid-Market | G41: REP009 | H41: Won | I41: Yes | J41: 45710 | K41: 45714 | L41: 45717 | N41: 3476.46
A42: LEAD00039 | B42: 45888 | C42: Netherlands | D42: Partner | E42: Fuel Card | F42: SME | G42: REP009 | H42: Lost | I42: No | M42: 45891 | N42: 618.24
A43: LEAD00040 | B43: 45705 | C43: Germany | D43: Partner | E43: Toll Solution | F43: Mid-Market | G43: REP002 | H43: Lost | I43: Yes | J43: 45706 | K43: 45720 | M43: 45729 | N43: 1760.69
A44: LEAD00041 | B44: 45714 | C44: United Kingdom | D44: Referral | E44: EV Charge Card | F44: Enterprise | G44: REP006 | H44: Won | I44: Yes | J44: 45720 | K44: 45732 | L44: 45741 | N44: 5529.48
A45: LEAD00042 | B45: 45964 | C45: Czech Republic | D45: Partner | E45: Fleet Expense Card | F45: SME | G45: REP012 | H45: Lost | I45: Yes | J45: 45970 | K45: 45971 | M45: 45990 | N45: 900.45
A46: LEAD00043 | B46: 45705 | C46: Germany | D46: Digital | E46: Toll Solution | F46: SME | G46: REP001 | H46: Lost | I46: No | M46: 45709 | N46: 507.65
A47: LEAD00044 | B47: 45886 | C47: Germany | D47: Partner | E47: Fuel Card | F47: SME | G47: REP002 | H47: Lost | I47: Yes | J47: 45896 | K47: 45905 | M47: 45935 | N47: 784.45
A48: LEAD00045 | B48: 45665 | C48: United Kingdom | D48: Telesales | E48: Toll Solution | F48: SME | G48: REP004 | H48: Lost | I48: Yes | J48: 45671 | M48: 45678 | N48: 423.81
A49: LEAD00046 | B49: 45914 | C49: United Kingdom | D49: Direct Sales | E49: Fuel Card | F49: SME | G49: REP004 | H49: Won | I49: Yes | J49: 45917 | K49: 45932 | L49: 45952 | N49: 823.17
A50: LEAD00047 | B50: 45814 | C50: Germany | D50: Digital | E50: Fuel Card | F50: SME | G50: REP003 | H50: Lost | I50: Yes | J50: 45817 | M50: 45837 | N50: 881.41
A51: LEAD00048 | B51: 45885 | C51: Germany | D51: Direct Sales | E51: Fuel Card | F51: SME | G51: REP003 | H51: Lost | I51: Yes | J51: 45891 | K51: 45902 | M51: 45913 | N51: 589.09
A52: LEAD00049 | B52: 45886 | C52: Germany | D52: Referral | E52: Toll Solution | F52: SME | G52: REP002 | H52: Won | I52: Yes | J52: 45896 | K52: 45899 | L52: 45923 | N52: 682.3
A53: LEAD00050 | B53: 45668 | C53: France | D53: Digital | E53: EV Charge Card | F53: SME | G53: REP015 | H53: Lost | I53: Yes | J53: 45669 | K53: 45672 | M53: 45706 | N53: 631.31
A54: LEAD00051 | B54: 45732 | C54: Germany | D54: Digital | E54: EV Charge Card | F54: SME | G54: REP001 | H54: Lost | I54: No | M54: 45739 | N54: 827.95
A55: LEAD00052 | B55: 46000 | C55: United Kingdom | D55: Digital | E55: Fuel Card | F55: SME | G55: REP006 | H55: New | I55: No | N55: 599.71
A56: LEAD00053 | B56: 45955 | C56: Germany | D56: Digital | E56: EV Charge Card | F56: SME | G56: REP002 | H56: Lost | I56: Yes | J56: 45960 | K56: 45973 | M56: 46008 | N56: 748.39
A57: LEAD00054 | B57: 45781 | C57: United Kingdom | D57: Digital | E57: Fuel Card | F57: SME | G57: REP006 | H57: Lost | I57: Yes | J57: 45789 | K57: 45799 | M57: 45816 | N57: 1063.06
A58: LEAD00055 | B58: 45887 | C58: Germany | D58: Telesales | E58: Fuel Card | F58: Mid-Market | G58: REP002 | H58: Lost | I58: Yes | J58: 45888 | K58: 45898 | M58: 45910 | N58: 2246.29
A59: LEAD00056 | B59: 45731 | C59: United Kingdom | D59: Direct Sales | E59: Fleet Expense Card | F59: Mid-Market | G59: REP006 | H59: Lost | I59: No | M59: 45745 | N59: 2089.17
A60: LEAD00057 | B60: 45843 | C60: France | D60: Referral | E60: Fuel Card | F60: Mid-Market | G60: REP015 | H60: Lost | I60: Yes | J60: 45848 | K60: 45856 | M60: 45875 | N60: 2375.59
A61: LEAD00058 | B61: 45715 | C61: United Kingdom | D61: Partner | E61: EV Charge Card | F61: SME | G61: REP006 | H61: Won | I61: Yes | J61: 45723 | K61: 45730 | L61: 45757 | N61: 710.84
A62: LEAD00059 | B62: 45754 | C62: Germany | D62: Digital | E62: Fuel Card | F62: SME | G62: REP003 | H62: Lost | I62: No | M62: 45762 | N62: 637.48
A63: LEAD00060 | B63: 45709 | C63: Germany | D63: Digital | E63: Toll Solution | F63: Mid-Market | G63: REP002 | H63: Lost | I63: No | M63: 45716 | N63: 1597.04
A64: LEAD00061 | B64: 45687 | C64: United Kingdom | D64: Partner | E64: Fuel Card | F64: SME | G64: REP004 | H64: Lost | I64: Yes | J64: 45694 | K64: 45699 | M64: 45729 | N64: 756.66
A65: LEAD00062 | B65: 45953 | C65: United Kingdom | D65: Partner | E65: EV Charge Card | F65: SME | G65: REP006 | H65: Lost | I65: Yes | J65: 45954 | K65: 45964 | M65: 45975 | N65: 533.05
A66: LEAD00063 | B66: 45974 | C66: Germany | D66: Digital | E66: Toll Solution | F66: Mid-Market | G66: REP003 | H66: Lost | I66: Yes | J66: 45980 | K66: 45983 | M66: 46012 | N66: 2073.1
A67: LEAD00064 | B67: 45992 | C67: United Kingdom | D67: Telesales | E67: EV Charge Card | F67: SME | G67: REP006 | H67: Won | I67: Yes | J67: 45997 | K67: 46010 | L67: 46021 | N67: 565.82
A68: LEAD00065 | B68: 45724 | C68: Germany | D68: Telesales | E68: Fuel Card | F68: SME | G68: REP002 | H68: Lost | I68: No | M68: 45735 | N68: 1009.09
A69: LEAD00066 | B69: 45799 | C69: France | D69: Direct Sales | E69: Fuel Card | F69: SME | G69: REP013 | H69: Lost | I69: Yes | J69: 45803 | M69: 45808 | N69: 605.8
A70: LEAD00067 | B70: 45879 | C70: France | D70: Direct Sales | E70: Fuel Card | F70: SME | G70: REP014 | H70: Lost | I70: Yes | J70: 45882 | K70: 45889 | M70: 45911 | N70: 712.15
A71: LEAD00068 | B71: 45901 | C71: Netherlands | D71: Telesales | E71: Fuel Card | F71: Enterprise | G71: REP008 | H71: Lost | I71: No | M71: 45907 | N71: 6370.11
A72: LEAD00069 | B72: 45801 | C72: Germany | D72: Direct Sales | E72: Fuel Card | F72: SME | G72: REP002 | H72: Won | I72: Yes | J72: 45809 | K72: 45811 | L72: 45828 | N72: 601.64
A73: LEAD00070 | B73: 45802 | C73: France | D73: Direct Sales | E73: Toll Solution | F73: SME | G73: REP014 | H73: Lost | I73: No | M73: 45809 | N73: 539.51
A74: LEAD00071 | B74: 46019 | C74: Germany | D74: Referral | E74: Fleet Expense Card | F74: Enterprise | G74: REP001 | H74: Qualified | I74: Yes | J74: 46020 | N74: 6508.29
A75: LEAD00072 | B75: 45727 | C75: United Kingdom | D75: Direct Sales | E75: Fleet Expense Card | F75: SME | G75: REP006 | H75: Won | I75: Yes | J75: 45734 | K75: 45742 | L75: 45769 | N75: 594.28
A76: LEAD00073 | B76: 45977 | C76: United Kingdom | D76: Direct Sales | E76: Fuel Card | F76: SME | G76: REP004 | H76: Lost | I76: Yes | J76: 45987 | K76: 45995 | M76: 46007 | N76: 731.84
A77: LEAD00074 | B77: 45953 | C77: Germany | D77: Digital | E77: EV Charge Card | F77: SME | G77: REP001 | H77: Won | I77: Yes | J77: 45961 | K77: 45963 | L77: 45989 | N77: 755.27
A78: LEAD00075 | B78: 45776 | C78: France | D78: Partner | E78: Fuel Card | F78: Mid-Market | G78: REP015 | H78: Won | I78: Yes | J78: 45784 | K78: 45795 | L78: 45824 | N78: 2303.13
A79: LEAD00076 | B79: 45694 | C79: Netherlands | D79: Partner | E79: Fleet Expense Card | F79: Mid-Market | G79: REP009 | H79: Lost | I79: Yes | J79: 45697 | M79: 45710 | N79: 3178.98
A80: LEAD00077 | B80: 45728 | C80: Germany | D80: Referral | E80: EV Charge Card | F80: SME | G80: REP002 | H80: Lost | I80: Yes | J80: 45734 | K80: 45749 | M80: 45769 | N80: 806.31
A81: LEAD00078 | B81: 46013 | C81: Germany | D81: Partner | E81: Fuel Card | F81: SME | G81: REP002 | H81: New | I81: No | N81: 655.97
A82: LEAD00079 | B82: 45799 | C82: Czech Republic | D82: Referral | E82: Toll Solution | F82: Mid-Market | G82: REP010 | H82: Lost | I82: No | M82: 45810 | N82: 2172.06
A83: LEAD00080 | B83: 45977 | C83: France | D83: Digital | E83: Fleet Expense Card | F83: SME | G83: REP015 | H83: Lost | I83: No | M83: 45992 | N83: 836.33
A84: LEAD00081 | B84: 45836 | C84: Netherlands | D84: Partner | E84: EV Charge Card | F84: Mid-Market | G84: REP009 | H84: Won | I84: Yes | J84: 45843 | K84: 45855 | L84: 45879 | N84: 2363.89
A85: LEAD00082 | B85: 45929 | C85: France | D85: Direct Sales | E85: Fuel Card | F85: SME | G85: REP015 | H85: Won | I85: Yes | J85: 45930 | K85: 45940 | L85: 45963 | N85: 1129.44
A86: LEAD00083 | B86: 45970 | C86: Germany | D86: Digital | E86: Fuel Card | F86: Mid-Market | G86: REP003 | H86: Lost | I86: No | M86: 45974 | N86: 2138.4
A87: LEAD00084 | B87: 45910 | C87: Germany | D87: Digital | E87: Fleet Expense Card | F87: Mid-Market | G87: REP001 | H87: Lost | I87: Yes | J87: 45918 | K87: 45922 | M87: 45938 | N87: 2170.76
A88: LEAD00085 | B88: 45884 | C88: United Kingdom | D88: Digital | E88: Toll Solution | F88: Mid-Market | G88: REP005 | H88: Lost | I88: No | M88: 45895 | N88: 1183.56
A89: LEAD00086 | B89: 45705 | C89: Germany | D89: Partner | E89: Fuel Card | F89: Enterprise | G89: REP003 | H89: Won | I89: Yes | J89: 45709 | K89: 45720 | L89: 45746 | N89: 6878.5
A90: LEAD00087 | B90: 45685 | C90: Netherlands | D90: Digital | E90: Fleet Expense Card | F90: SME | G90: REP008 | H90: Lost | I90: No | M90: 45705 | N90: 719.91
A91: LEAD00088 | B91: 45719 | C91: Germany | D91: Partner | E91: Fuel Card | F91: Mid-Market | G91: REP003 | H91: Won | I91: Yes | J91: 45727 | K91: 45731 | L91: 45740 | N91: 2560.47
A92: LEAD00089 | B92: 45785 | C92: Netherlands | D92: Partner | E92: Fuel Card | F92: Enterprise | G92: REP008 | H92: Won | I92: Yes | J92: 45791 | K92: 45795 | L92: 45821 | N92: 8785.69
A93: LEAD00090 | B93: 45969 | C93: France | D93: Direct Sales | E93: Fuel Card | F93: Mid-Market | G93: REP013 | H93: Won | I93: Yes | J93: 45971 | K93: 45981 | L93: 46000 | N93: 2533.19
A94: LEAD00091 | B94: 45774 | C94: United Kingdom | D94: Direct Sales | E94: Toll Solution | F94: Mid-Market | G94: REP006 | H94: Lost | I94: Yes | J94: 45776 | K94: 45782 | M94: 45811 | N94: 1526.09
A95: LEAD00092 | B95: 45709 | C95: Netherlands | D95: Direct Sales | E95: Fleet Expense Card | F95: SME | G95: REP008 | H95: Won | I95: Yes | J95: 45716 | K95: 45720 | L95: 45750 | N95: 585.85
A96: LEAD00093 | B96: 45840 | C96: France | D96: Telesales | E96: EV Charge Card | F96: SME | G96: REP999 | H96: Lost | I96: Yes | J96: 45843 | K96: 45844 | M96: 45875 | N96: 758.49
A97: LEAD00094 | B97: 45708 | C97: Germany | D97: Telesales | E97: Toll Solution | F97: Mid-Market | G97: REP001 | H97: Lost | I97: No | M97: 45724 | N97: 2180.35
A98: LEAD00095 | B98: 45929 | C98: United Kingdom | D98: Referral | E98: Fuel Card | F98: Enterprise | G98: REP004 | H98: Lost | I98: Yes | J98: 45930 | K98: 45936 | M98: 45958 | N98: 10544.29
A99: LEAD00096 | B99: 45922 | C99: France | D99: Partner | E99: Fleet Expense Card | F99: Mid-Market | G99: REP013 | H99: Lost | I99: Yes | J99: 45924 | K99: 45928 | M99: 45947 | N99: 2747.99
A100: LEAD00097 | B100: 45724 | C100: France | D100: Partner | E100: Fuel Card | F100: Mid-Market | G100: REP015 | H100: Lost | I100: No | M100: 45741 | N100: 3072.84
A101: LEAD00098 | B101: 45755 | C101: Germany | D101: Partner | E101: Toll Solution | F101: Enterprise | G101: REP003 | H101: Lost | I101: No | M101: 45759 | N101: 6251.43
...

Sheet Raw_Customers
A1: Raw Customers
A3: Customer_ID | B3: Lead_ID | C3: Won_Date | D3: Activation_Date | E3: Market | F3: Product | G3: Channel | H3: Sales_Rep_ID | I3: Customer_Segment | J3: Customer_Status | K3: Churn_Date | L3: Expected_Monthly_Revenue_EUR
A4: CUST00001 | B4: LEAD00010 | C4: 46023 | D4: 46065 | E4: United Kingdom | F4: Toll Solution | G4: Referral | H4: REP006 | I4: Enterprise | J4: Active | L4: 6898.05
A5: CUST00002 | B5: LEAD00012 | C5: 45842 | D5: 45876 | E5: Netherlands | F5: Fuel Card | G5: Referral | H5: REP009 | I5: SME | J5: Active | L5: 732.38
A6: CUST00003 | B6: LEAD00015 | C6: 45759 | D6: 45776 | E6: France | F6: Toll Solution | G6: Partner | H6: REP015 | I6: Mid-Market | J6: Active | L6: 1713.23
A7: CUST00004 | B7: LEAD00016 | C7: 45821 | D7: 45850 | E7: United Kingdom | F7: Fuel Card | G7: Direct Sales | H7: REP004 | I7: Mid-Market | J7: Churned | K7: 45941 | L7: 2249.42
A8: CUST00005 | B8: LEAD00025 | C8: 46043 | D8: 46057 | E8: United Kingdom | F8: EV Charge Card | G8: Direct Sales | H8: REP006 | I8: SME | J8: Active | L8: 670.98
A9: CUST00006 | B9: LEAD99999 | C9: 46004 | D9: 46035 | E9: United Kingdom | F9: Fuel Card | G9: Direct Sales | H9: REP006 | I9: SME | J9: Active | L9: 725.29
A10: CUST00007 | B10: LEAD00035 | C10: 45700 | D10: 45711 | E10: France | F10: Fuel Card | G10: Partner | H10: REP013 | I10: SME | J10: Active | L10: 1113.11
A11: CUST00008 | B11: LEAD00038 | C11: 45717 | E11: Netherlands | F11: Fuel Card | G11: Referral | H11: REP009 | I11: Mid-Market | J11: Not Activated | L11: 3476.46
A12: CUST00009 | B12: LEAD00041 | C12: 45741 | D12: 45778 | E12: United Kingdom | F12: EV Charge Card | G12: Referral | H12: REP006 | I12: Enterprise | J12: Active | L12: 5529.48
A13: CUST00010 | B13: LEAD00046 | C13: 45952 | D13: 45983 | E13: United Kingdom | F13: Fuel Card | G13: Direct Sales | H13: REP004 | I13: SME | J13: Active | L13: 823.17
A14: CUST00011 | B14: LEAD00049 | C14: 45923 | D14: 45929 | E14: Germany | F14: Toll Solution | G14: Referral | H14: REP002 | I14: SME | J14: Active | L14: 682.3
A15: CUST00012 | B15: LEAD00058 | C15: 45757 | D15: 45798 | E15: United Kingdom | F15: EV Charge Card | G15: Partner | H15: REP006 | I15: SME | J15: Active | L15: 710.84
A16: CUST00013 | B16: LEAD00064 | C16: 46021 | D16: 46019 | E16: United Kingdom | F16: EV Charge Card | G16: Telesales | H16: REP006 | I16: SME | J16: Active | L16: 565.82
A17: CUST00014 | B17: LEAD00069 | C17: 45828 | D17: 45854 | E17: Germany | F17: Fuel Card | G17: Direct Sales | H17: REP002 | I17: SME | J17: Active | L17: 601.64
A18: CUST00015 | B18: LEAD00072 | C18: 45769 | D18: 45796 | E18: United Kingdom | F18: Fleet Expense Card | G18: Direct Sales | H18: REP006 | I18: SME | J18: Active | L18: 594.28
A19: CUST00016 | B19: LEAD00074 | C19: 45989 | D19: 45991 | E19: Germany | F19: EV Charge Card | G19: Digital | H19: REP001 | I19: SME | J19: Active | L19: 755.27
A20: CUST00017 | B20: LEAD00075 | C20: 45824 | D20: 45827 | E20: France | F20: Fuel Card | G20: Partner | H20: REP015 | I20: Mid-Market | J20: Active | L20: 2303.13
A21: CUST00018 | B21: LEAD00081 | C21: 45879 | D21: 45897 | E21: Netherlands | F21: EV Charge Card | G21: Partner | H21: REP009 | I21: Mid-Market | J21: Active | L21: 2363.89
A22: CUST00019 | B22: LEAD00082 | C22: 45963 | E22: France | F22: Fuel Card | G22: Direct Sales | H22: REP015 | I22: SME | J22: Not Activated | L22: 1129.44
A23: CUST00020 | B23: LEAD00086 | C23: 45746 | D23: 45793 | E23: Germany | F23: Fuel Card | G23: Partner | H23: REP003 | I23: Enterprise | J23: Active | L23: 6878.5
A24: CUST00021 | B24: LEAD99999 | C24: 45740 | D24: 45796 | E24: Germany | F24: Fuel Card | G24: Partner | H24: REP003 | I24: Mid-Market | J24: Active | L24: 2560.47
A25: CUST00022 | B25: LEAD00089 | C25: 45821 | D25: 45837 | E25: Netherlands | F25: Fuel Card | G25: Partner | H25: REP008 | I25: Enterprise | J25: Active | L25: 8785.69
A26: CUST00023 | B26: LEAD00090 | C26: 46000 | D26: 46043 | E26: France | F26: Fuel Card | G26: Direct Sales | H26: REP013 | I26: Mid-Market | J26: Active | L26: 2533.19
A27: CUST00024 | B27: LEAD00092 | C27: 45750 | D27: 45760 | E27: Netherlands | F27: Fleet Expense Card | G27: Direct Sales | H27: REP008 | J27: Active | L27: 585.85
A28: CUST00025 | B28: LEAD00104 | C28: 45761 | D28: 45778 | E28: France | F28: Toll Solution | G28: Partner | H28: REP015 | I28: Mid-Market | J28: Active | L28: 2145.83
A29: CUST00026 | B29: LEAD00106 | C29: 45869 | D29: 45883 | E29: Netherlands | F29: Fleet Expense Card | G29: Partner | H29: REP008 | I29: SME | J29: Active | L29: 921.4
A30: CUST00027 | B30: LEAD00108 | C30: 45985 | D30: 46029 | E30: Czech Republic | F30: Fleet Expense Card | G30: Direct Sales | H30: REP012 | I30: Mid-Market | J30: Active | L30: 2768.87
A31: CUST00028 | B31: LEAD00111 | C31: 45891 | D31: 45918 | E31: France | F31: Fuel Card | G31: Direct Sales | H31: REP015 | I31: Mid-Market | J31: Active | L31: 2084.05
A32: CUST00029 | B32: LEAD00112 | C32: 45879 | D32: 45923 | E32: France | F32: Fuel Card | G32: Direct Sales | H32: REP015 | I32: Mid-Market | J32: Active | L32: 2684.85
A33: CUST00030 | B33: LEAD00113 | C33: 45801 | D33: 45814 | E33: Netherlands | F33: Fuel Card | G33: Referral | H33: REP008 | J33: Churned | K33: 45889 | L33: 10631.28
A34: CUST00031 | B34: LEAD00115 | C34: 45936 | D34: 45981 | E34: United Kingdom | F34: EV Charge Card | G34: Referral | H34: REP004 | I34: SME | J34: Active | L34: 843.9
A35: CUST00032 | B35: LEAD00125 | C35: 45763 | D35: 45767 | E35: Germany | F35: Fuel Card | G35: Telesales | H35: REP001 | I35: SME | J35: Active | L35: 1012.09
A36: CUST00033 | B36: LEAD00126 | C36: 45941 | D36: 46007 | E36: Germany | F36: Fuel Card | G36: Partner | H36: REP003 | I36: Enterprise | J36: Active | L36: 10550.44
A37: CUST00034 | B37: LEAD00129 | C37: 45878 | D37: 45906 | E37: Czech Republic | F37: Fuel Card | G37: Direct Sales | H37: REP010 | I37: SME | J37: Active | L37: 994.66
A38: CUST00035 | B38: LEAD00132 | C38: 45741 | D38: 45786 | E38: France | F38: Toll Solution | G38: Direct Sales | H38: REP014 | I38: Mid-Market | J38: Active | L38: 1434.56
A39: CUST00036 | B39: LEAD00135 | C39: 45777 | D39: 45814 | E39: Czech Republic | F39: Fuel Card | G39: Referral | H39: REP011 | I39: Enterprise | J39: Active | L39: 6669.82
A40: CUST00037 | B40: LEAD00136 | C40: 45977 | D40: 46015 | E40: France | F40: Fuel Card | G40: Direct Sales | H40: REP014 | I40: Mid-Market | J40: Active | L40: 3313.31
A41: CUST00038 | B41: LEAD00141 | C41: 45828 | D41: 45838 | E41: United Kingdom | F41: EV Charge Card | G41: Direct Sales | H41: REP006 | I41: SME | J41: Active | L41: 879.21
A42: CUST00039 | B42: LEAD00142 | C42: 45751 | D42: 45774 | E42: Netherlands | F42: Fuel Card | G42: Direct Sales | H42: REP007 | I42: SME | J42: Active | L42: 1001.56
A43: CUST00040 | B43: LEAD00147 | C43: 45847 | E43: Germany | F43: Toll Solution | G43: Digital | H43: REP002 | I43: SME | J43: Not Activated | L43: 435.5
A44: CUST00041 | B44: LEAD00148 | C44: 45702 | E44: United Kingdom | F44: Fuel Card | G44: Partner | H44: REP005 | I44: Mid-Market | J44: Active | L44: 2195.99
A45: CUST00042 | B45: LEAD00152 | C45: 45898 | D45: 45939 | E45: Germany | F45: Fleet Expense Card | G45: Direct Sales | H45: REP003 | I45: Mid-Market | J45: Active | L45: 1822.37
A46: CUST00043 | B46: LEAD00156 | C46: 45807 | D46: 45850 | E46: Netherlands | F46: Toll Solution | G46: Referral | H46: REP008 | I46: Mid-Market | J46: Active | L46: 1392.53
A47: CUST00044 | B47: LEAD00162 | C47: 45896 | D47: 45922 | E47: Germany | F47: Toll Solution | G47: Direct Sales | H47: REP002 | I47: Mid-Market | J47: Churned | L47: 2050.27
A48: CUST00045 | B48: LEAD00165 | C48: 45881 | D48: 45924 | E48: Germany | F48: Fleet Expense Card | G48: Partner | H48: REP002 | I48: Mid-Market | J48: Active | L48: 1977.9
A49: CUST00046 | B49: LEAD00166 | C49: 45784 | D49: 45803 | E49: Germany | F49: Fuel Card | G49: Digital | H49: REP003 | I49: SME | J49: Active | L49: 1018.13
A50: CUST00047 | B50: LEAD00181 | C50: 46023 | E50: Germany | F50: Fleet Expense Card | G50: Referral | H50: REP003 | I50: Mid-Market | J50: Not Activated | L50: 3214.92
A51: CUST00048 | B51: LEAD00186 | C51: 45987 | E51: Netherlands | F51: Fleet Expense Card | G51: Direct Sales | H51: REP009 | I51: Mid-Market | J51: Not Activated | L51: 2603.91
A52: CUST00049 | B52: LEAD00189 | C52: 45899 | D52: 45916 | E52: France | F52: Fuel Card | G52: Direct Sales | H52: REP015 | I52: SME | J52: Active | L52: 616.57
A53: CUST00050 | B53: LEAD00193 | C53: 45939 | E53: United Kingdom | F53: Toll Solution | G53: Digital | H53: REP006 | I53: Mid-Market | J53: Active | L53: 1203.64
A54: CUST00051 | B54: LEAD00198 | C54: 45836 | D54: 45859 | E54: United Kingdom | F54: EV Charge Card | G54: Partner | H54: REP006 | I54: SME | J54: Active | L54: 711.74
A55: CUST00052 | B55: LEAD00199 | C55: 45841 | E55: United Kingdom | F55: Fuel Card | G55: Partner | H55: REP005 | J55: Not Activated | L55: 1083.67
A56: CUST00053 | B56: LEAD00202 | C56: 46037 | E56: United Kingdom | F56: Fuel Card | G56: Partner | H56: REP004 | I56: SME | J56: Active | L56: 848.18
A57: CUST00054 | B57: LEAD00208 | C57: 45887 | D57: 45915 | E57: United Kingdom | F57: Fuel Card | G57: Direct Sales | H57: REP004 | I57: SME | J57: Active | L57: 732.17
A58: CUST00055 | B58: LEAD00214 | C58: 45903 | E58: France | F58: Fleet Expense Card | G58: Direct Sales | H58: REP015 | I58: Enterprise | J58: Not Activated | L58: 5993.39
A59: CUST00056 | B59: LEAD00215 | C59: 46049 | D59: 46077 | E59: Czech Republic | F59: EV Charge Card | G59: Digital | H59: REP010 | I59: Mid-Market | J59: Active | L59: 2794.31
A60: CUST00057 | B60: LEAD00220 | C60: 45772 | D60: 45792 | E60: Germany | F60: EV Charge Card | G60: Direct Sales | H60: REP002 | I60: Mid-Market | J60: Active | L60: 2371.38
A61: CUST00058 | B61: LEAD00227 | C61: 46000 | D61: 46024 | E61: France | F61: Fuel Card | G61: Direct Sales | H61: REP015 | I61: SME | J61: Active | L61: 714.73
A62: CUST00059 | B62: LEAD00229 | C62: 45895 | D62: 45940 | E62: Czech Republic | F62: EV Charge Card | G62: Referral | H62: REP012 | I62: Enterprise | J62: Active | L62: 7135
A63: CUST00060 | B63: LEAD00232 | C63: 45718 | D63: 45754 | E63: Germany | F63: EV Charge Card | G63: Direct Sales | H63: REP003 | I63: SME | J63: Active | L63: 703.07
A64: CUST00061 | B64: LEAD00235 | C64: 45988 | D64: 45987 | E64: Netherlands | F64: EV Charge Card | G64: Direct Sales | H64: REP007 | I64: Mid-Market | J64: Active | L64: 2725.98
A65: CUST00062 | B65: LEAD00236 | C65: 45917 | D65: 45920 | E65: Germany | F65: Toll Solution | G65: Digital | H65: REP001 | I65: Enterprise | J65: Active | L65: 6448.96
A66: CUST00063 | B66: LEAD00237 | C66: 45697 | D66: 45709 | E66: France | F66: Fuel Card | G66: Referral | H66: REP013 | I66: SME | J66: Active | L66: 765.02
A67: CUST00064 | B67: LEAD00238 | C67: 45807 | E67: Germany | F67: EV Charge Card | G67: Partner | H67: REP001 | I67: SME | J67: Not Activated | L67: 777.05
A68: CUST00065 | B68: LEAD00239 | C68: 45804 | D68: 45869 | E68: Germany | F68: Toll Solution | G68: Partner | H68: REP003 | I68: SME | J68: Active | L68: 540.37
A69: CUST00066 | B69: LEAD00241 | C69: 45868 | D69: 45891 | E69: France | F69: Fuel Card | G69: Direct Sales | H69: REP013 | I69: SME | J69: Churned | K69: 45955 | L69: 1005.07
A70: CUST00067 | B70: LEAD00246 | C70: 45942 | E70: France | F70: Fuel Card | G70: Telesales | H70: REP015 | J70: Not Activated | L70: 982.51
A71: CUST00068 | B71: LEAD00253 | C71: 45963 | D71: 45993 | E71: United Kingdom | F71: Fleet Expense Card | G71: Partner | H71: REP005 | I71: SME | J71: Active | L71: 919.94
A72: CUST00069 | B72: LEAD00262 | C72: 45831 | D72: 45856 | E72: France | F72: Fuel Card | G72: Direct Sales | H72: REP015 | I72: Enterprise | J72: Active | L72: 10436.51
A73: CUST00070 | B73: LEAD00267 | C73: 45814 | D73: 45852 | E73: France | F73: Fleet Expense Card | G73: Referral | H73: REP015 | I73: Mid-Market | J73: Active | L73: 2697.38
A74: CUST00071 | B74: LEAD00270 | C74: 45846 | D74: 45852 | E74: Czech Republic | F74: Fuel Card | G74: Referral | H74: REP012 | I74: SME | J74: Active | L74: 1094.9
A75: CUST00072 | B75: LEAD00281 | C75: 45849 | D75: 45872 | E75: Germany | F75: Toll Solution | G75: Digital | H75: REP002 | I75: SME | J75: Active | L75: 446.26
A76: CUST00073 | B76: LEAD00283 | C76: 46002 | D76: 46033 | E76: France | F76: Fuel Card | G76: Direct Sales | H76: REP013 | I76: SME | J76: Active | L76: 807.92
A77: CUST00074 | B77: LEAD00287 | C77: 45769 | D77: 45797 | E77: Germany | F77: Toll Solution | G77: Digital | H77: REP002 | I77: Enterprise | J77: Active | L77: 6517.51
A78: CUST00075 | B78: LEAD00288 | C78: 45789 | E78: Netherlands | F78: Toll Solution | G78: Direct Sales | H78: REP008 | I78: SME | J78: Not Activated | L78: 706
A79: CUST00076 | B79: LEAD00293 | C79: 45839 | E79: Germany | F79: Fuel Card | G79: Telesales | H79: REP002 | I79: SME | J79: Not Activated | L79: 758.21
A80: CUST00077 | B80: LEAD00296 | C80: 45844 | D80: 45859 | E80: Netherlands | F80: Fleet Expense Card | G80: Direct Sales | H80: REP008 | I80: Mid-Market | J80: Active | L80: 2807.03
A81: CUST00078 | B81: LEAD00298 | C81: 45737 | E81: Germany | F81: EV Charge Card | G81: Direct Sales | H81: REP002 | I81: SME | J81: Not Activated | L81: 784.27
A82: CUST00079 | B82: LEAD00300 | C82: 45806 | D82: 45837 | E82: Czech Republic | F82: EV Charge Card | G82: Digital | H82: REP011 | I82: SME | J82: Churned | K82: 45907 | L82: 733.76
A83: CUST00080 | B83: LEAD00301 | C83: 45711 | D83: 45719 | E83: United Kingdom | F83: EV Charge Card | G83: Telesales | H83: REP005 | I83: Enterprise | J83: Active | L83: 5537.49
